[
    {
        "Name": "app1",
        "Desc": "my application",
        "Cmpt": "comp 1",
        "OS": {
            "Rhel": {
                "standard_name": "Linux|Red Hat Enterprise Linux",
                "detected_version": "NA_VERSION",
                "latest_known_version": "8.3"
            }
        },
        "Lang": {
            "C++": {
                "standard_name": "C++|*",
                "detected_version": "NA_VERSION",
                "latest_known_version": "98"
            }
        },
        "App Server": {},
        "Dependent Apps": {
            "db2": {
                "standard_name": "DB2",
                "detected_version": "NA_VERSION",
                "latest_known_version": "11.5"
            }
        },
        "Runtime": {},
        "Libs": {},
        "Reason": "",
        "KG Version": "1.0.4"
    }
]