{
  "KG Version": "1.0.4",
  "Container Images": {
    "Windows Server Core": {
      "OS": [
        {
          "Class": "Windows|Windows Server",
          "Variants": "",
          "Version": "",
          "Type": "OS",
          "Subtype": ""
        }
      ],
      "Lang": [],
      "Lib": [],
      "App": [],
      "App Server": [],
      "Plugin": [],
      "Runlib": [],
      "Runtime": [],
      "Docker_URL": "https://hub.docker.com/_/microsoft-windows-servercore",
      "Notes": "Base Images",
      "CertOfImageAndPublisher": "Verified Publisher"
    },
    "Red Hat Enterprise Linux": {
      "OS": [
        {
          "Class": "Linux|Red Hat Enterprise Linux",
          "Variants": "",
          "Version": "",
          "Type": "OS",
          "Subtype": ""
        }
      ],
      "Lang": [],
      "Lib": [],
      "App": [],
      "App Server": [],
      "Plugin": [],
      "Runlib": [],
      "Runtime": [],
      "Docker_URL": "https://hub.docker.com/r/roboxes/rhel7",
      "Notes": "",
      "CertOfImageAndPublisher": ""
    },
    "Ubuntu": {
      "OS": [
        {
          "Class": "Linux|Ubuntu",
          "Variants": "",
          "Version": "",
          "Type": "OS",
          "Subtype": ""
        }
      ],
      "Lang": [],
      "Lib": [],
      "App": [],
      "App Server": [],
      "Plugin": [],
      "Runlib": [],
      "Runtime": [],
      "Docker_URL": "https://hub.docker.com/_/ubuntu",
      "Notes": "Base Images",
      "CertOfImageAndPublisher": "Official Image"
    },
    "Debian": {
      "OS": [
        {
          "Class": "Linux|Debian",
          "Variants": "",
          "Version": "",
          "Type": "OS",
          "Subtype": ""
        }
      ],
      "Lang": [],
      "Lib": [],
      "App": [],
      "App Server": [],
      "Plugin": [],
      "Runlib": [],
      "Runtime": [],
      "Docker_URL": "https://hub.docker.com/_/debian",
      "Notes": "Base Images",
      "CertOfImageAndPublisher": "Official Image"
    },
    "CentOS": {
      "OS": [
        {
          "Class": "Linux|CentOS",
          "Variants": "",
          "Version": "",
          "Type": "OS",
          "Subtype": ""
        }
      ],
      "Lang": [],
      "Lib": [],
      "App": [],
      "App Server": [],
      "Plugin": [],
      "Runlib": [],
      "Runtime": [],
      "Docker_URL": "https://hub.docker.com/_/centos",
      "Notes": "",
      "CertOfImageAndPublisher": "Official Image"
    },
    "Fedora": {
      "OS": [
        {
          "Class": "Linux|Fedora",
          "Variants": "",
          "Version": "",
          "Type": "OS",
          "Subtype": ""
        }
      ],
      "Lang": [],
      "Lib": [],
      "App": [],
      "App Server": [],
      "Plugin": [],
      "Runlib": [],
      "Runtime": [],
      "Docker_URL": "https://hub.docker.com/_/fedora",
      "Notes": "",
      "CertOfImageAndPublisher": "Official Image"
    },
    "Oracle Linux": {
      "OS": [
        {
          "Class": "Linux|Oracle Linux",
          "Variants": "",
          "Version": "",
          "Type": "OS",
          "Subtype": ""
        }
      ],
      "Lang": [],
      "Lib": [],
      "App": [],
      "App Server": [],
      "Plugin": [],
      "Runlib": [],
      "Runtime": [],
      "Docker_URL": "https://hub.docker.com/_/oraclelinux",
      "Notes": "",
      "CertOfImageAndPublisher": "Official Image"
    },
    "Amazon Linux": {
      "OS": [
        {
          "Class": "Linux|Amazon Linux",
          "Variants": "",
          "Version": "",
          "Type": "OS",
          "Subtype": ""
        }
      ],
      "Lang": [],
      "Lib": [],
      "App": [],
      "App Server": [],
      "Plugin": [],
      "Runlib": [],
      "Runtime": [],
      "Docker_URL": "https://hub.docker.com/_/amazonlinux",
      "Notes": "",
      "CertOfImageAndPublisher": "Official Image"
    },
    "openSUSE": {
      "OS": [
        {
          "Class": "Linux|openSUSE",
          "Variants": "",
          "Version": "",
          "Type": "OS",
          "Subtype": ""
        }
      ],
      "Lang": [],
      "Lib": [],
      "App": [],
      "App Server": [],
      "Plugin": [],
      "Runlib": [],
      "Runtime": [],
      "Docker_URL": "https://hub.docker.com/r/opensuse/leap",
      "Notes": "",
      "CertOfImageAndPublisher": ""
    },
    "SUSE Linux Enterprise Server": {
      "OS": [
        {
          "Class": "Linux|SUSE Linux Enterprise Server",
          "Variants": "",
          "Version": "",
          "Type": "OS",
          "Subtype": ""
        }
      ],
      "Lang": [],
      "Lib": [],
      "App": [],
      "App Server": [],
      "Plugin": [],
      "Runlib": [],
      "Runtime": [],
      "Docker_URL": "https://www.suse.com/c/first-sles-container/",
      "Notes": "https://github.com/SUSE/sle2docker",
      "CertOfImageAndPublisher": ""
    },
    "Junos OS": {
      "OS": [
        {
          "Class": "Linux|Junos OS",
          "Variants": "",
          "Version": "",
          "Type": "OS",
          "Subtype": ""
        }
      ],
      "Lang": [],
      "Lib": [],
      "App": [],
      "App Server": [],
      "Plugin": [],
      "Runlib": [],
      "Runtime": [],
      "Docker_URL": "https://www.juniper.net/us/en/products-services/nos/junos/",
      "Notes": "",
      "CertOfImageAndPublisher": ""
    },
    "Photon OS": {
      "OS": [
        {
          "Class": "Linux|Photon OS",
          "Variants": "",
          "Version": "",
          "Type": "OS",
          "Subtype": ""
        }
      ],
      "Lang": [],
      "Lib": [],
      "App": [],
      "App Server": [],
      "Plugin": [],
      "Runlib": [],
      "Runtime": [],
      "Docker_URL": "https://hub.docker.com/_/photon",
      "Notes": "",
      "CertOfImageAndPublisher": ""
    },
    "Windows": {
      "OS": [
        {
          "Class": "Windows",
          "Variants": "",
          "Version": "",
          "Type": "OS",
          "Subtype": ""
        }
      ],
      "Lang": [],
      "Lib": [],
      "App": [],
      "App Server": [],
      "Plugin": [],
      "Runlib": [],
      "Runtime": [],
      "Docker_URL": "https://hub.docker.com/_/microsoft-windows",
      "Notes": "Base Images",
      "CertOfImageAndPublisher": "Verified Publisher"
    }
  }
}