{
  "kg_version": "1.0.4",
  "mappings": {
    ".NET Framework|*": "Runtime",
    ".NET Framework|Common Runtime Library": "Runlib",
    ".NET Framework|log4net": "Runlib",
    ".NET Framework|Magick.NET": "Runlib",
    ".NET Framework|Windows Communication Foundation (WCF)": "Runlib",
    ".NET Framework|Windows Workflow Foundation (WF)": "Runlib",
    ".NET Framework|WinForms": "Runlib",
    "(E)JES": "App",
    "A-Auto Job Scheduling Software": "App",
    "Active Directory (AD)": "Runtime",
    "Active Server Pages (ASP)": "Lang",
    "ActiveX|*": "Runtime",
    "ActiveX|ADO": "Runlib",
    "Activiti": "App",
    "Adobe Acrobat Reader": "App",
    "Android": "OS",
    "Ansible": "App",
    "Apache ActiveMQ": "App",
    "Apache Cordova": "Runtime",
    "Apache Hbase": "App",
    "Apache Hive": "App",
    "Apache HTTP Server": "App Server",
    "Apache Kafka": "App",
    "Apache Lucene": "Lib",
    "Apache ServiceMix": "App",
    "Apache Solr": "App",
    "Apache Subversion": "App",
    "Apache Tomcat": "App Server",
    "Apache Xerces": "Lib",
    "Application Development Facility (ADF)": "App",
    "ArcGIS Server": "App Server",
    "Asterisk": "App",
    "AutoIt": "Lang",
    "Automic Job Scheduler": "App",
    "Autosys": "App",
    "AWK": "Lang",
    "BASIC": "Lang",
    "Oracle WebLogic Server": "App Server",
    "BeOS": "OS",
    "Bluebeam": "App",
    "BMC Control-M": "App",
    "BMC Identity Management": "App",
    "Borland Database Engine (BDE)": "App",
    "Brainscript": "Lang",
    "Business Intelligence and Reporting Tools (BIRT)": "App",
    "C": "Lang",
    "C#": "Lang",
    "C++|*": "Lang",
    "C++|Visual C++": "Lang",
    "CA API Gateway": "HW",
    "CA Gen": "App",
    "CA Introscope": "App",
    "CA-Panvalet": "App",
    "CA-TELON": "App",
    "Cascading Style Sheets (CSS)|*": "Lang",
    "Cascading Style Sheets (CSS)|Bootstrap": "Lib",
    "Casegen": "App",
    "Chef Automate": "App",
    "CICS": "Runtime",
    "Cisco AMP for Endpoints": "App",
    "Cisco IOS": "OS",
    "CiscoWorks LAN Management Solution (LMS)": "App",
    "Citrix Virtual Apps and Desktops": "App",
    "Citrix ADC": "VM",
    "Citrix ADC VPX": "VM",
    "Citrix ADC BLX": "VM",
    "Citrix ADC CPX": "App",
    "Citrix ADC SDX": "HW",
    "Citrix ADC MPX": "HW",
    "Citrix Provisioning": "App",
    "Clarify|*": "App",
    "Clarify|Clear Basic": "Plugin",
    "Clarity LIMS": "App",
    "LabWare LIMS": "App",
    "Clipper": "Lang",
    "CLIST": "Lang",
    "COBOL": "Lang",
    "Cognos": "App",
    "Coldfusion": "App",
    "ColdFusion Markup Language (CFML)": "Lang",
    "ConceptWave": "App",
    "CONNAPI": "App",
    "Connect Direct": "App",
    "Cornerstone software": "App",
    "Crystal Reports": "App",
    "DART": "OS",
    "Data Language Interface (DL/I)": "Lang",
    "DB2": "App",
    "Delphi": "Lang",
    "Docker": "Runtime",
    "Documentum Content Server": "App",
    "Drupal": "App",
    "Easytrieve": "Lang",
    "Eclipse|*": "App",
    "Eclipse|ATLAS Transformation Language (ATL)": "Plugin",
    "Elastic (ELK) Stack": "App",
    "EMC Celerra": "Storage",
    "ETAP License Manager (LM)": "App",
    "ExamDiff": "App",
    "Expect": "Lang",
    "eXtensible HyperText Markup Language (XHTML)": "Lang",
    "Extensible Markup Language (XML)|*": "Lang",
    "Extensible Markup Language (XML)|MSXML": "Lang",
    "Extensible Stylesheet Language (XSL)": "Lang",
    "Extensible Stylesheet Language Transformations (XLST)": "Lang",
    "F5 Secure Web Gateway Services": "App",
    "Fabric OS": "OS",
    "FileMaker Pro": "App",
    "Flash": "Runtime",
    "FlexNet Manager Suite": "App",
    "FOCUS": "Lang",
    "Fortran": "Lang",
    "FTP Voyager": "App",
    "Genymotion": "App",
    "GlassFish": "App Server",
    "GNU": "OS",
    "Go": "Lang",
    "Google Chrome": "App",
    "GraphQL": "Lang",
    "Greenplum DB": "App",
    "Groovy": "Lang",
    "Hadoop": "App",
    "HAProxy": "App Server",
    "HiveQL": "Lang",
    "HP aC++ compiler": "App",
    "HP C/ANSI C compiler": "App",
    "HP Nonstop": "HW",
    "HP Operations Orchestration (HPOO)": "App",
    "HP Server Automation (HPSA)": "App",
    "HTTP File Server": "Runtime",
    "Hypertext Markup Language (HTML)": "Lang",
    "IBM BigFix Platform|*": "App",
    "IBM BigFix Platform|Client Deploy Tool": "Plugin",
    "IBM Business Monitor": "App",
    "IBM Business Process Manager": "App",
    "IBM Content Manager OnDemand (CMOD)": "App",
    "IBM DataPower Gateway": "HW",
    "IBM FileNet P8 Platform": "App",
    "IBM High Level Assembler (HLASM)": "Lang",
    "IBM HTTP Server": "App Server",
    "IBM i": "OS",
    "IBM i Control Language (CL)": "Lang",
    "IBM Informix-4GL": "Lang",
    "IBM InfoSphere DataStage": "App",
    "IBM Integration Bus|*": "App",
    "IBM Integration Bus|Extended Structured Query Language (ESQL)": "Plugin",
    "IBM License Metric Tool": "App",
    "IBM Maximo": "App",
    "IBM Migration Utility": "App",
    "IBM Mobile Foundation": "App",
    "IBM Operational Decision Manager (ODM)": "App",
    "IBM Power Systems": "HW",
    "IBM Spectrum Scale": "App",
    "IBM Tivoli Asset Management|*": "App",
    "IBM Tivoli Asset Management|Asset Discovery for Distributed": "Plugin",
    "IBM Tivoli Composite Application Manager": "App",
    "IBM Tivoli Monitoring": "App",
    "IBM Tivoli Storage Manager|*": "App",
    "IBM Tivoli Storage Manager|TSM API": "Plugin",
    "IBM Tivoli Storage Manager|TSM Client": "Plugin",
    "IBM Tivoli Storage Manager|TSM Storage Agent": "Plugin",
    "IBM Tivoli Storage Manager|VSS Requestor": "Plugin",
    "IBM Tivoli Workload Scheduler (TWS)": "App",
    "IBM WebSphere Business Integration Adaptor": "App",
    "IBM Websphere MQ": "App",
    "IBM WebSphere MQ Telemetry": "App",
    "IBM WebSphere Transformation Extender (WTX)": "App",
    "IIS|*": "App Server",
    "IIS|Easy Migration Tool (IEMT)": "Runlib",
    "IIS|Application Request Routing (ARR)": "Runlib",
    "IIS|IIS Manager": "Runlib",
    "IMS DB": "App",
    "Info-ZIP": "App",
    "Infobright Community Edition (ICE)": "App",
    "Informatica PowerCenter": "App",
    "Ingres": "App",
    "Intel Xeon Processor": "HW",
    "InterScan Messaging Security Virtual Appliance (IMSVA)": "VM",
    "iOS": "OS",
    "Java|*": "Lang",
    "Java Runtime Environment (JRE)": "Runtime",
    "Java|Apache Camel": "Lib",
    "Java|Apache Commons BeanUtils": "Lib",
    "Java|Apache PDFBox": "Lib",
    "Java|Apache Velocity": "Lib",
    "Java|EclipseLink": "Lib",
    "Java|Enterprise JavaBeans (EJB)": "Lib",
    "Java|EZMorph": "Lib",
    "Java|Google Web Toolkit (GWT)": "Lib",
    "Java|Hibernate": "Lib",
    "Java|IBM SDK": "Lib",
    "Java|Java Development Kit (JDK)": "Lib",
    "Java|Java Enterprise Edition (Java EE)": "Lang",
    "Java|Java Message Service (JMS)": "Lib",
    "Java|Java Standard Edition (Java SE)": "Lang",
    "Java|Java Web Start": "Lib",
    "Java|JavaServer Faces (JSF)": "Lib",
    "Java|JavaServer Pages (JSP)": "Lang",
    "Java|JavaServer Pages (JSP)|Scriptlets": "Lang",
    "Java|JDBC": "Lib",
    "Java|JRuby Core": "Lib",
    "Java|Log4j": "Lib",
    "Java|Quartz": "Lib",
    "Java|Remote Method Invocation (RMI)": "Lib",
    "Java|Servlet": "Lib",
    "Java|Spring": "Lib",
    "Java|Spring|Spring Boot": "Lib",
    "Java|Spring|Spring Cloud Data Flow": "Lib",
    "Java|Spring|Spring MVC": "Lib",
    "Java|Struts": "Lib",
    "Java|Swing": "Lib",
    "Java|Vaadin": "Lib",
    "JavaScript|*": "Lang",
    "JavaScript|AJAX": "Lib",
    "JavaScript|AngularJS": "Lib",
    "JavaScript|Draw2D": "Lib",
    "JavaScript|Express.js": "Lib",
    "JavaScript|Ext JS": "Lib",
    "JavaScript|jqGrid": "Lib",
    "JavaScript|JQuery": "Lib",
    "JavaScript|Jquery|jQuery UI": "Lib",
    "JavaScript|React": "Lib",
    "JavaScript|script.aculo.us": "Lib",
    "JavaScript|Valums AJAX File Uploader": "Lib",
    "JBoss|*": "App Server",
    "JBoss|JBoss Seam": "Runlib",
    "JCL": "Lang",
    "Jenkins": "App",
    "Job Information Language (JIL)": "Lang",
    "joinIT": "App",
    "JScript": "Lang",
    "Kitura": "App Server",
    "LifeFlow": "App",
    "Linux": "OS",
    "Linux|CentOS": "OS",
    "Linux|Check Point": "OS",
    "Linux|Debian": "OS",
    "Linux|Junos OS": "OS",
    "Linux|openSUSE": "OS",
    "Linux|Oracle Linux": "OS",
    "Linux|Photon OS": "OS",
    "Linux|Red Hat Enterprise Linux": "OS",
    "Linux|SUSE Linux Enterprise Server": "OS",
    "Linux|Ubuntu": "OS",
    "Linux|zLinux": "App",
    "Lisp": "Lang",
    "Lotus Domino": "App Server",
    "Lotus Notes": "App",
    "Lucee": "App Server",
    "MaaS360": "App",
    "macOS": "OS",
    "Malwarebytes Anti-Malware": "App",
    "ManageEngine ADSelfService Plus": "App",
    "MarkLogic DB": "App",
    "Memcached": "App",
    "Microsoft Access": "App",
    "Microsoft BizTalk Adapters for Host Systems": "App",
    "Microsoft Dynamics AX": "App",
    "Microsoft Endpoint Configuration Manager (SCCM)": "App",
    "Microsoft Excel": "App",
    "Microsoft Exchange Server|*": "App",
    "Microsoft Exchange Server|Veeam Explorer": "Plugin",
    "Microsoft Forefront Identity Manager (FIM)": "App",
    "Microsoft InfoPath": "App",
    "Microsoft Internet Explorer": "App",
    "Microsoft ISA Server": "App",
    "Microsoft MQ": "App",
    "Microsoft System Center Endpoint Protection": "App",
    "Microsoft Visual Studio": "App",
    "Microsoft Web Deploy": "App",
    "Microsoft Web Farm Framework (WFF)": "App",
    "Microsoft Web Platform Installer": "App",
    "Model Driven Workflow (MDW)": "App",
    "MongoDB": "App",
    "Mozilla Firefox": "App",
    "MQ Client": "App",
    "MS Office 365": "App",
    "MS SQL Server|*": "App",
    "MS SQL Server|MS SQL Server Browser": "Plugin",
    "MS SQL Server Compact": "App",
    "MS SQL Server|Data Transformation Services": "Plugin",
    "MS SQL Server|Log Reader Agent": "Plugin",
    "MS SQL Server|SQL Server Analysis Services (SSAS)": "Plugin",
    "MS SQL Server|SQL Server Database Engine": "Plugin",
    "MS SQL Server|SQL Server Integration Services (SSIS)": "Plugin",
    "MS SQL Server|SQL Server Management Studio": "Plugin",
    "MS SQL Server|SQL Server Report Builder": "Plugin",
    "MS SQL Server|SQL Server Reporting Services (SSRS)": "Plugin",
    "MVS|*": "OS",
    "MVS|OS/390": "OS",
    "MVS|z/OS": "OS",
    "MySQL": "App",
    "Neo4j": "App",
    "Net Optics Taps": "HW",
    "Netscape Application Server (NAS)": "App Server",
    "Netscape Enterprise Server (NES)": "App Server",
    "Nexus Repository OSS": "App",
    "Nginx": "App Server",
    "Niakwa Programming Language (NPL)": "Lang",
    "Nix package manager": "App",
    "Node.js": "Runtime",
    "Objective C": "Lang",
    "OpenEdge ABL": "Lang",
    "OpenLDAP": "App",
    "OpenText Exstream": "App",
    "OpenVMS": "OS",
    "OpenVPN": "App",
    "Oracle Access Management": "App",
    "Oracle ADF": "App",
    "Oracle APEX": "App",
    "Oracle Application Server|*": "App Server",
    "Oracle Application Server|Oracle Transparent Gateway": "Runlib",
    "Oracle BI Publisher": "App",
    "Oracle Business Intelligence": "App",
    "Oracle Database|*": "App",
    "Oracle Database|Jserver": "Plugin",
    "Oracle Database|Oracle Spatial and Graph": "Plugin",
    "Oracle Designer": "App",
    "Oracle Enterprise Manager": "App",
    "Oracle Exadata": "HW",
    "Oracle Forms": "App",
    "Oracle Hyperion|Hyperion Interactive Reporting": "App",
    "Oracle Hyperion|Hyperion Planning": "App",
    "Oracle Net Services": "App",
    "Oracle Real Application Clusters (RAC)": "App",
    "Oracle Retail Point-of-Service": "App",
    "Oracle Service Bus": "App",
    "Oracle Smart View": "App",
    "Oracle SOA Suite": "App",
    "Oracle SQL Developer": "App",
    "Oracle TimesTen In-Memory Database": "App",
    "Oracle VM": "VM",
    "Oracle Warehouse Builder (OWB)": "App",
    "Oracle WebCenter Content Server|*": "App Server",
    "Oracle WebCenter Content Server|Idoc Script": "Runlib",
    "Orbix": "App",
    "OS/2": "OS",
    "OWASP Enterprise Security API (ESAPI)": "Lib",
    "Pascal|*": "Lang",
    "Pascal|Object Pascal": "Lang",
    "Pentaho": "App",
    "PeopleSoft": "App",
    "Perkin Elmer Informatics (PKI)": "App",
    "Perl|*": "Lang",
    "Perl|ActivePerl": "Lang",
    "Perl|Oraperl": "Lib",
    "Perl|Rex": "Lang",
    "Pervasive PSQL": "App",
    "PHP": "Lang",
    "PIPE-FLO": "App",
    "Pivotal tc Server": "App Server",
    "PKZIP": "App",
    "PL/I": "Lang",
    "PL/SQL": "Lang",
    "Planview": "App",
    "PostgreSQL": "App",
    "Powerbuilder": "App",
    "Primavera P6": "App",
    "PRO*C": "Lang",
    "Pro*COBOL": "App",
    "ProjectWise": "App",
    "ProjectWise Web Server": "App",
    "PVCS Version Manager": "App",
    "Python": "Lang",
    "QlikView": "App",
    "R": "Lang",
    "RabbitMQ": "App",
    "Rational ClearCase": "App",
    "Rational ClearQuest": "App",
    "Redis": "App",
    "Remedy": "App",
    "Resin Web Server": "App Server",
    "Rexx": "Lang",
    "Riak": "App",
    "RightFax": "App",
    "RPG": "Lang",
    "Ruby": "Lang",
    "Ruby on Rails": "Runtime",
    "Rumba": "App",
    "Salesforce Object Query Language (SOQL)": "Lang",
    "SAP BusinessObjects BI server": "App",
    "SAP ERP|*": "App",
    "SAP ERP|SAP EHP": "Plugin",
    "SAP ERP|SAP Kernel": "Plugin",
    "SAP HANA DB": "App",
    "SAP MaxDB": "App",
    "SAP NetWeaver App Server|*": "App Server",
    "SAP NetWeaver App Server|ABAP": "Runlib",
    "SAP NetWeaver Business Warehouse": "App",
    "SAP SQL Anywhere": "App",
    "SAP Web Dynpro": "App",
    "SAS": "Lang",
    "Sass": "Lang",
    "Scala": "Lang",
    "Sentry": "App",
    "SharePoint": "App",
    "Siebel": "App",
    "Smalltalk": "Lang",
    "SNA Manager": "App",
    "SnagIt": "App",
    "solidDB": "App",
    "SonarQube": "App",
    "SpaceMonger": "App",
    "Spark": "App Server",
    "Splunk": "App",
    "Oracle Database|SQL*Plus": "Plugin",
    "SQLIO": "App",
    "Oracle iPlanet Web Server": "App Server",
    "Swift": "Lang",
    "Sybase SQL Server|*": "App",
    "Sybase SQL Server|Sybase Central": "Plugin",
    "Sybase SQL Server|Sybase Dsedit": "Plugin",
    "Syncsort": "App",
    "Sysinternal Tools|AccessEnum": "App",
    "Sysinternal Tools|ClockRes": "App",
    "Sysinternal Tools|Coreinfo": "App",
    "Sysinternal Tools|DiskExt": "App",
    "Sysinternal Tools|DiskMon": "App",
    "Sysinternal Tools|Hex2dec": "App",
    "Sysinternal Tools|Junction": "App",
    "Sysinternal Tools|LDMDump": "App",
    "Sysinternal Tools|LoadOrder": "App",
    "Sysinternal Tools|PipeList": "App",
    "Sysinternal Tools|Process Explorer": "App",
    "Sysinternal Tools|PsKill": "App",
    "Sysinternal Tools|PsPasswd": "App",
    "Sysinternal Tools|SDelete": "App",
    "Sysinternal Tools|ShareEnum": "App",
    "Sysinternal Tools|Sync": "App",
    "Sysinternal Tools|TCPView": "App",
    "Sysinternal Tools|VMMap": "App",
    "Sysinternal Tools|Whois": "App",
    "Tableau": "App",
    "TCL": "Lang",
    "TCPLink Enterprise Server": "App",
    "Teradata": "App",
    "Teradata QS Server": "App",
    "TIBCO Business Works (BW)|*": "App",
    "TIBCO Business Works (BW)|Integration Manager": "Plugin",
    "TIBCO InConcert": "App",
    "TIBCO Rendezvous": "App",
    "Tivoli Access Manager (TAM)": "App",
    "TortoiseCVS": "App",
    "TortoiseSVN": "App",
    "Transact-SQL": "Lang",
    "TSO/ISPF": "App",
    "TWS zCentric": "App",
    "TypeScript": "Lang",
    "UltiDev Web Server Pro (UWS)": "App Server",
    "Uniface": "App",
    "Unix|*": "OS",
    "Unix|AIX": "OS",
    "Unix|BSD|FreeBSD": "OS",
    "Unix|BSD|SunOS": "OS",
    "Unix|HP-UX": "OS",
    "VB.NET": "Lang",
    "VBScript": "Lang",
    "ViewNow X Server": "App",
    "Virtual I/O Server": "App",
    "Visibroker": "App",
    "Visual Basic": "Lang",
    "Visual Basic for Applications (VBA)": "Lang",
    "Visual FoxPro": "Lang",
    "VisualForce": "Runtime",
    "VMware ESXi": "VM",
    "VMware Server": "VM",
    "VMware Solution Exchange Marketplace (VSX)": "App",
    "VMware Tools": "App",
    "VMware vCenter": "App",
    "VoiceXML": "Lang",
    "WebFOCUS": "App",
    "WebLogic Integration": "App",
    "webMethods Integration Server": "App Server",
    "Websphere Application Server (WAS)": "App Server",
    "WebSphere Liberty": "App Server",
    "WebSphere Commerce Suite (WCS)": "App",
    "WebSphere Message Broker": "App",
    "WebSphere Portal Server": "App Server",
    "Websphere Process Server": "App Server",
    "Wherescape Red": "App",
    "Windchill": "App",
    "Windows": "OS",
    "Windows Indexing Service": "App",
    "Windows Terminal Server (WTS)": "App",
    "Windows|Windows Desktop": "OS",
    "Windows|Windows Server": "OS",
    "WingArc SVF": "App",
    "WinMerge": "App",
    "WinRAR": "App",
    "WinSCP": "App",
    "Wise Package Studio": "App",
    "Wordpress": "App",
    "XAMPP": "App",
    "Xbase++": "Lang",
    "ZAP BI": "App",
    "ZeroMQ": "App",
    "Zerto Virtual Replication": "App",
    "Linux|Fedora": "OS",
    "Linux|Amazon Linux": "OS",
    "Oracle Real-Time Decisions (RTD)": "App Server",
    "IBM PowerHA": "App",
    "Tivoli Netcool/OMNIbus": "App",
    "IBM ILOG Views": "App",
    "IBM ILOG CPLEX": "App",
    "IBM ILOG Jviews": "App",
    "IBM ILOG Elixir": "App",
    "IBM ILOG Supply Chain Apps": "App",
    "ILOG Solver": "App",
    "Websphere ILOG JRules BRMS": "App",
    "Application Lifecycle Management (ALM)": "Technology",
    "Assembler Language": "Technology",
    "Batch Management Software (BMS)": "Technology",
    "Business Object Reports": "Technology",
    "Common Gateway Interface (CGI)": "Technology",
    "Compopent Object Model (COM)": "Technology",
    "Common Object Request Broker Architecture (CORBA)": "Technology",
    "CORBA Interface Definition Language (CORBA IDL)": "Technology",
    "Data Control Language (DCL)": "Technology",
    "Database (DB)": "Technology",
    "Electronic Data Interchange (EDI)": "Technology",
    "Application Web Server": "Technology",
    "Java-based Document Object Model for XML (JDOM)": "Technology",
    "Lightweight Directory Access Protocol (LDAP)": "Technology",
    "Open Database Connectivity (ODBC)": "Technology",
    "Order Management System (OMS)": "Technology",
    "Oracle Web Services": "Technology",
    "Representational State Transfer (REST)": "Technology",
    "Service-Oriented Architecture (SOA)": "Technology",
    "Simple Object Access Protocol (SOAP)": "Technology",
    "Structured Query Language (SQL)": "Technology",
    "YAML": "Technology",
    "Model view controller (MVC)": "Technology",
    "Application Server": "Technology",
    "Cloud": "Technology",
    "Competency and Quality Assurance Server": "Technology",
    "Device Provisioning Engines (DPE)": "Technology",
    "E-business solution": "Technology",
    "Enterprise Service Bus(ESB)": "Technology",
    "File Server": "Technology",
    "General Ledger": "Technology",
    "HTTP client": "Technology",
    "Integrated Safe System of Work (ISSOW)": "Technology",
    "Internet Exchange Point - Full Stack (ixp-ft)": "Technology",
    "Internet Message Access Protocol (IMAP)": "Technology",
    "JSON": "Technology",
    "KVS Application Server": "Technology",
    "KVS File Server": "Technology",
    "KVS Proxy Server": "Technology",
    "mainframe": "Technology",
    "Manufacturing Execution System (MES)": "Technology",
    "Mobile": "Technology",
    "NonSQL": "Technology",
    "SaaS": "Technology",
    "Storage Area Network (SAN)": "Technology",
    "Supplier Registration System Application Server": "Technology",
    "Virtual Appliance": "Technology",
    "Webtop": "Technology",
    "Proxy Server": "Technology",
    "Utility": "Technology",
    "SQLite": "App",
    "Unix|BSD|OpenBSD": "OS",
    "z/VSE": "OS",
    "MS-DOS": "OS",
    "VME": "OS",
    "DOS/360": "OS",
    "z/TPF": "OS",
    "z/VM": "OS",
    "Unix|BSD|*": "OS",
    "JBoss|Wildfly": "Runlib",
    "Unix|BSD|NetBSD": "OS",
    "Oracle Hyperion|*": "App",
    "credstash": "App",
    "Snyk": "App",
    "Akka": "App",
    "Varnish": "App Server",
    "Datadog": "Runtime",
    "API": "Technology",
    "Hazelcast": "Runtime",
    "Nuxeo": "Runtime",
    "ArangoDB": "App",
    "Eclipse|Eclipse Che": "App",
    "Amazon S3": "App",
    "ClickHouse": "App",
    "MinIO": "App",
    "Elasticsearch": "App",
    "XtraDB": "App",
    "Keycloak": "App",
    "Grafana": "App",
    "Mattermost": "Runtime",
    "Cloud IAM": "App",
    "Knative": "Runtime",
    "Apache Cassandra": "App",
    "Kubeflow": "Runtime",
    "Qiskit": "App",
    "Microsoft Azure": "App",
    "Strimzi": "Runtime",
    "Sematext": "Runtime",
    "Eclipse|Eclipse Ditto": "App",
    "Zadara": "App",
    "Istio": "App",
    "Vault": "App",
    "Apache Druid": "App",
    "etcd": "App",
    "Traefik": "App Server",
    "IBM Cloud": "App",
    "CockroachDB": "App",
    "Jaeger": "Runtime",
    "Natural Programming Language": "Lang",
    "AcuCOBOL": "Lang",
    "Ada": "Lang",
    "ADABAS": "App",
    "ADSO": "Lang",
    "Batch": "Lang",
    "Powershell": "Lang",
    "COM+": "Lang",
    "Dataflex": "Lang",
    "DDS": "Lang",
    "Forte": "Lang",
    "Foxpro": "Lang",
    "IBM DB2 Purescale": "App",
    "IDMS DB": "App",
    "IDMS DML": "Lang",
    "Jaguar": "App Server",
    "EAServer": "App Server",
    "IBM Netezza": "HW",
    "OpenROAD": "Lang",
    "Oracle Reports": "App",
    "SAP Replication Server": "App",
    "Git": "App",
    "GitLab": "App",
    "VSAM": "App",
    "BMS Map": "Lang",
    "DB400": "App",
    "ILE": "Lang",
    "ISAM": "App",
    "Oracle RDS": "App",
    "SAP IQ": "App",
    "Integrated Data Store (IDS)": "App",
    "Apache Maven": "App",
    "IBM Basic Assembly Language (BAL)": "Lang",
    "Linux|*": "OS",
    "Windows|*": "OS"
  }
}