{
    "label_type": "int",
    "label": "entity_id",
    "data_type": "strings",
    "data": {
        "0": {
            "mention": "arp mq hub 8.0.4.7\n",
            "entity_id": 0
        },
        "1": {
            "mention": "documentum - xcp acme5 flight products ida_prod\n",
            "entity_id": 0
        },
        "2": {
            "mention": "documentum:dr\n",
            "entity_id": 0
        },
        "3": {
            "mention": "reseating engine:vs\n",
            "entity_id": 0
        },
        "4": {
            "mention": "acme5 connection carriers - portal:dev 9.0.0.9\n",
            "entity_id": 0
        },
        "5": {
            "mention": "techops application dashboard\n",
            "entity_id": 0
        },
        "6": {
            "mention": "citrix 8.0.4.7\n",
            "entity_id": 0
        },
        "7": {
            "mention": "acme5.com personalization:dr\n",
            "entity_id": 0
        },
        "8": {
            "mention": "pci tokenization engine\n",
            "entity_id": 0
        },
        "9": {
            "mention": "citrix:dev\n",
            "entity_id": 0
        },
        "10": {
            "mention": "documentum - xcp acme5 material services:si\n",
            "entity_id": 0
        },
        "11": {
            "mention": "acme5 connection carriers - portal\n",
            "entity_id": 0
        },
        "12": {
            "mention": "deice manager:dr\n",
            "entity_id": 0
        },
        "13": {
            "mention": "documentum - aircraftfls_prod docbase:si\n",
            "entity_id": 0
        },
        "14": {
            "mention": "dlv exchange 8.0.5.26\n",
            "entity_id": 0
        },
        "15": {
            "mention": "documentum - ida_prod docbase:dev\n",
            "entity_id": 0
        },
        "16": {
            "mention": "dlv web services:dev\n",
            "entity_id": 0
        },
        "17": {
            "mention": "occ tarmac monitor:dr\n",
            "entity_id": 0
        },
        "18": {
            "mention": "acme5.com utilities edocs:vs\n",
            "entity_id": 0
        },
        "19": {
            "mention": "farelogix merchandise engine (fms):vs\n",
            "entity_id": 0
        },
        "20": {
            "mention": "documentum - docdmsprod docbase:si\n",
            "entity_id": 0
        },
        "21": {
            "mention": "dlv web services:si\n",
            "entity_id": 0
        },
        "22": {
            "mention": "acme5.com personalization\n",
            "entity_id": 0
        },
        "23": {
            "mention": "acme5.com cart 2:dr\n",
            "entity_id": 0
        },
        "24": {
            "mention": "occ tarmac monitor\n",
            "entity_id": 0
        },
        "25": {
            "mention": "acme5.com flight status and schedules:vs\n",
            "entity_id": 0
        },
        "26": {
            "mention": "citrix 9.0.\n",
            "entity_id": 0
        },
        "27": {
            "mention": "acme5.com booking: vs\n",
            "entity_id": 0
        },
        "28": {
            "mention": "airvision fares manager-avfm:si\n",
            "entity_id": 0
        },
        "29": {
            "mention": "bridge desktop:dev\n",
            "entity_id": 0
        },
        "30": {
            "mention": "minimum equipment list-mel\n",
            "entity_id": 0
        },
        "31": {
            "mention": "documentum - dtedmprod docbase:si\n",
            "entity_id": 0
        },
        "32": {
            "mention": "occ communication hub - och\n",
            "entity_id": 0
        },
        "33": {
            "mention": "acme5 connection carriers - portal:si\n",
            "entity_id": 0
        },
        "34": {
            "mention": "seat recommendation engine\n",
            "entity_id": 0
        },
        "35": {
            "mention": "near miss reporting:dev\n",
            "entity_id": 0
        },
        "36": {
            "mention": "documentum - xcp standards and procedures manuels for tohp spdms_prod:dev\n",
            "entity_id": 0
        },
        "37": {
            "mention": "government documents - general declaration:si\n",
            "entity_id": 0
        },
        "38": {
            "mention": "deice manager\n",
            "entity_id": 0
        },
        "39": {
            "mention": "air4 utility:vs\n",
            "entity_id": 0
        },
        "40": {
            "mention": "db2 connec\n",
            "entity_id": 0
        },
        "41": {
            "mention": "socks proxy 9.0.0.6\n",
            "entity_id": 0
        },
        "42": {
            "mention": "arp mq hub 9.0.0.4\n",
            "entity_id": 0
        },
        "43": {
            "mention": "passport express:si\n",
            "entity_id": 0
        },
        "44": {
            "mention": "near miss reporting\n",
            "entity_id": 0
        },
        "45": {
            "mention": "passport express\n",
            "entity_id": 0
        },
        "46": {
            "mention": "documentum - contracts_prod\n",
            "entity_id": 0
        },
        "47": {
            "mention": "dc mobile dashboard\n",
            "entity_id": 0
        },
        "48": {
            "mention": "aircraft damage reporting: aircraft damage api:si\n",
            "entity_id": 0
        },
        "49": {
            "mention": "acme5.com utilities edocs\n",
            "entity_id": 0
        },
        "50": {
            "mention": "quality assurance program\n",
            "entity_id": 0
        },
        "51": {
            "mention": "sales decision operational\n",
            "entity_id": 0
        },
        "52": {
            "mention": "bridge desktop:dr v8.4.1\n",
            "entity_id": 0
        },
        "53": {
            "mention": "deice manager 8.5.5.2\n",
            "entity_id": 0
        },
        "54": {
            "mention": ".net enterprise infrastructure\n",
            "entity_id": 0
        },
        "55": {
            "mention": "license manager (flexlm)\n",
            "entity_id": 0
        },
        "56": {
            "mention": "reseating engine:dev 8.0.5.17\n",
            "entity_id": 0
        },
        "57": {
            "mention": "ida xcp application\n",
            "entity_id": 0
        },
        "58": {
            "mention": "documentum - tocimgarc docbase\n",
            "entity_id": 0
        },
        "59": {
            "mention": "acme5.com mobile\n",
            "entity_id": 0
        },
        "60": {
            "mention": "oms database:dr\n",
            "entity_id": 0
        },
        "61": {
            "mention": "documentum - earth docbase:si\n",
            "entity_id": 0
        },
        "62": {
            "mention": "endeavor exchange 8.0.5.26\n",
            "entity_id": 0
        },
        "63": {
            "mention": "acme5.com loyalty\n",
            "entity_id": 0
        },
        "64": {
            "mention": "microsoft file share witness 8.5.5.9\n",
            "entity_id": 0
        },
        "65": {
            "mention": "documentum - xplore\n",
            "entity_id": 0
        },
        "66": {
            "mention": ".net enterprise infrastructure:dr\n",
            "entity_id": 0
        },
        "67": {
            "mention": "flight status monitor:dr\n",
            "entity_id": 0
        },
        "68": {
            "mention": "documentum - documentum foundation services:si 8.0.47\n",
            "entity_id": 0
        },
        "69": {
            "mention": "dlv exchange\n",
            "entity_id": 0
        },
        "70": {
            "mention": "network attached storage\n",
            "entity_id": 0
        },
        "71": {
            "mention": "endeavor exchange 8.5.5.9\n",
            "entity_id": 0
        },
        "72": {
            "mention": "core-mvp:si\n",
            "entity_id": 0
        },
        "73": {
            "mention": "arp mq hub 9.0.0.10\n",
            "entity_id": 0
        },
        "74": {
            "mention": "aircraft damage reporting:si\n",
            "entity_id": 0
        },
        "75": {
            "mention": "dlv exchange 8.0.26\n",
            "entity_id": 0
        },
        "76": {
            "mention": "endeavor exchange\n",
            "entity_id": 0
        },
        "77": {
            "mention": "acme5.com flight status and schedules -flight2:vs\n",
            "entity_id": 0
        },
        "78": {
            "mention": "documentum - dtedmprod docbase:dev\n",
            "entity_id": 0
        },
        "79": {
            "mention": "mobile eventing notification:vs\n",
            "entity_id": 0
        },
        "80": {
            "mention": "seat recommendation engine:si\n",
            "entity_id": 0
        },
        "81": {
            "mention": "dlv web services 8.5.5.4\n",
            "entity_id": 0
        },
        "82": {
            "mention": "inventory exchange\n",
            "entity_id": 0
        },
        "83": {
            "mention": "arp mq hub:si\n",
            "entity_id": 0
        },
        "84": {
            "mention": "reseating engine:dev\n",
            "entity_id": 0
        },
        "85": {
            "mention": "acme5.com loyaltypromos:dr\n",
            "entity_id": 0
        },
        "86": {
            "mention": "acme5.com cancel/refunds:vs\n",
            "entity_id": 0
        },
        "87": {
            "mention": "ground ops reporting\n",
            "entity_id": 0
        },
        "88": {
            "mention": "mishandled baggage mobile:dr\n",
            "entity_id": 0
        },
        "89": {
            "mention": "cyberark privileged access management:si\n",
            "entity_id": 0
        },
        "90": {
            "mention": "occ communication hub - och 8.5.5.9\n",
            "entity_id": 0
        },
        "91": {
            "mention": "quality assurance program:si\n",
            "entity_id": 0
        },
        "92": {
            "mention": "wxstream admin ui:dr\n",
            "entity_id": 0
        },
        "93": {
            "mention": "documentum - documentum foundation services:dev\n",
            "entity_id": 0
        },
        "94": {
            "mention": "insight manager\n",
            "entity_id": 0
        },
        "95": {
            "mention": "documentum - assap\n",
            "entity_id": 0
        },
        "96": {
            "mention": "microsoft file share witness 7.0.0.17\n",
            "entity_id": 0
        },
        "97": {
            "mention": "dlv exchange 8.5.5.9\n",
            "entity_id": 0
        },
        "98": {
            "mention": "microsoft file share witness 8.0.5.26\n",
            "entity_id": 0
        },
        "99": {
            "mention": "nef aircraft downlink application (nada):dev\n",
            "entity_id": 0
        },
        "100": {
            "mention": "arp mq hub 8.0.26\n",
            "entity_id": 0
        },
        "101": {
            "mention": "documentum - documentum foundation services 8.0.47\n",
            "entity_id": 0
        },
        "102": {
            "mention": "occ diversion monitor\n",
            "entity_id": 0
        },
        "103": {
            "mention": "passur eta message service\n",
            "entity_id": 0
        },
        "104": {
            "mention": "total group manager:si\n",
            "entity_id": 0
        },
        "105": {
            "mention": "air4 password manager:vs\n",
            "entity_id": 0
        },
        "106": {
            "mention": "acme5.com journey:prod b\n",
            "entity_id": 0
        },
        "107": {
            "mention": "acme5 charters application\n",
            "entity_id": 0
        },
        "108": {
            "mention": "license manager (flexlm):si\n",
            "entity_id": 0
        },
        "109": {
            "mention": "register.acme5.com:dev\n",
            "entity_id": 0
        },
        "110": {
            "mention": "incontact ivr cloud solution:si\n",
            "entity_id": 0
        },
        "111": {
            "mention": "acme5.com mishandled baggage eclaim\n",
            "entity_id": 0
        },
        "112": {
            "mention": "check point:si\n",
            "entity_id": 0
        },
        "113": {
            "mention": "acme5.com vacations (shopping component):vs\n",
            "entity_id": 0
        },
        "114": {
            "mention": "documentum - earth docbase:dev\n",
            "entity_id": 0
        },
        "115": {
            "mention": "aircraft damage reporting\n",
            "entity_id": 0
        },
        "116": {
            "mention": "acme5.com cancel/refunds\n",
            "entity_id": 0
        },
        "117": {
            "mention": "fuel master plus\n",
            "entity_id": 0
        },
        "118": {
            "mention": "aircraft damage reporting:dev\n",
            "entity_id": 0
        },
        "119": {
            "mention": "acme5.com perso\n",
            "entity_id": 0
        },
        "120": {
            "mention": "flight schedule monitor\n",
            "entity_id": 0
        },
        "121": {
            "mention": "microsoft file share witness:si\n",
            "entity_id": 0
        },
        "122": {
            "mention": "oms database\n",
            "entity_id": 0
        },
        "123": {
            "mention": "sales decision operational:si:vs\n",
            "entity_id": 0
        },
        "124": {
            "mention": "informatica\n",
            "entity_id": 0
        },
        "125": {
            "mention": "engine non-routine\n",
            "entity_id": 0
        },
        "126": {
            "mention": "skymiles mvs:dr\n",
            "entity_id": 0
        },
        "127": {
            "mention": "mobile eventing notification\n",
            "entity_id": 0
        },
        "128": {
            "mention": "acme5.com cancel/refunds:dr\n",
            "entity_id": 0
        },
        "129": {
            "mention": "cargo portal:dr\n",
            "entity_id": 0
        },
        "130": {
            "mention": "acme5.com loyalty:dr\n",
            "entity_id": 0
        },
        "131": {
            "mention": "documentum - spdms docbase:si\n",
            "entity_id": 0
        },
        "132": {
            "mention": "documentum - projdoc docbase\n",
            "entity_id": 0
        },
        "133": {
            "mention": "et - used incentive ticket utility\n",
            "entity_id": 0
        },
        "134": {
            "mention": "documentum - tocimgprod docbase:si\n",
            "entity_id": 0
        },
        "135": {
            "mention": "acme5.com mishandled baggage eclaim:prod b\n",
            "entity_id": 0
        },
        "136": {
            "mention": "acme5.com utilities (except edocs):dr\n",
            "entity_id": 0
        },
        "137": {
            "mention": "endeavor exchange 8.5.5.8\n",
            "entity_id": 0
        },
        "138": {
            "mention": "dc mobile dashboard:dev\n",
            "entity_id": 0
        },
        "139": {
            "mention": "documentum - docdmsprod docbase:dev\n",
            "entity_id": 0
        },
        "140": {
            "mention": "acme5.com shop 2:vs\n",
            "entity_id": 0
        },
        "141": {
            "mention": "acme5.com cart 2\n",
            "entity_id": 0
        },
        "142": {
            "mention": "safetrac aws portal\n",
            "entity_id": 0
        },
        "143": {
            "mention": "acme5.com utilities (except edocs)\n",
            "entity_id": 0
        },
        "144": {
            "mention": "wxstream editor ui\n",
            "entity_id": 0
        },
        "145": {
            "mention": "real-time alerts:si\n",
            "entity_id": 0
        },
        "146": {
            "mention": "aa prioritization reporting\n",
            "entity_id": 0
        },
        "147": {
            "mention": "acme5.com utilities edocs:dr\n",
            "entity_id": 0
        },
        "148": {
            "mention": "documentum - documentum administrator:si\n",
            "entity_id": 0
        },
        "149": {
            "mention": "acme5.com loyaltypromos\n",
            "entity_id": 0
        },
        "150": {
            "mention": "documentum - documentum foundation services:dev 8.5.34\n",
            "entity_id": 0
        },
        "151": {
            "mention": "flight status monitor\n",
            "entity_id": 0
        },
        "152": {
            "mention": "sales decision operational:dr\n",
            "entity_id": 0
        },
        "153": {
            "mention": "dc mobile dashboard:si\n",
            "entity_id": 0
        },
        "154": {
            "mention": "arp mq hub\n",
            "entity_id": 0
        },
        "155": {
            "mention": "documentum - aircraftfls_prod docbase:dev\n",
            "entity_id": 0
        },
        "156": {
            "mention": "acme5.com cart 2:vs\n",
            "entity_id": 0
        },
        "157": {
            "mention": "acme5.com seats\n",
            "entity_id": 0
        },
        "158": {
            "mention": "flight safety reporting:si\n",
            "entity_id": 0
        },
        "159": {
            "mention": "acme5.com seats:dr\n",
            "entity_id": 0
        },
        "160": {
            "mention": "dfp.acme5.com\n",
            "entity_id": 0
        },
        "161": {
            "mention": "middleware authorization engine (auz):si\n",
            "entity_id": 0
        },
        "162": {
            "mention": "et - raptor reporting: vs\n",
            "entity_id": 0
        },
        "163": {
            "mention": "socks proxy 9.0.0.10\n",
            "entity_id": 0
        },
        "164": {
            "mention": "register.acme5.com:si\n",
            "entity_id": 0
        },
        "165": {
            "mention": "acme5 connection carriers - portal 9.0.0.9\n",
            "entity_id": 0
        },
        "166": {
            "mention": "acme5.com baggage:dr 9.0.0.4\n",
            "entity_id": 0
        },
        "167": {
            "mention": "acme5.com mishandled baggage eclaim:dr\n",
            "entity_id": 0
        },
        "168": {
            "mention": "quality assurance program:dev\n",
            "entity_id": 0
        },
        "169": {
            "mention": "acme5.com vacations (shopping component)\n",
            "entity_id": 0
        },
        "170": {
            "mention": "acme5.com:vs\n",
            "entity_id": 0
        },
        "171": {
            "mention": "dlv exchange 8.5.5.8\n",
            "entity_id": 0
        },
        "172": {
            "mention": "acme5.com baggage:vs\n",
            "entity_id": 0
        },
        "173": {
            "mention": "acme5.com baggage\n",
            "entity_id": 0
        },
        "174": {
            "mention": "access recertification:si\n",
            "entity_id": 0
        },
        "175": {
            "mention": "oracle goldengate:dev\n",
            "entity_id": 0
        },
        "176": {
            "mention": "cyberark privileged access management:dev\n",
            "entity_id": 0
        },
        "177": {
            "mention": "documentum - xcp acme5 material services:dev\n",
            "entity_id": 0
        },
        "178": {
            "mention": "vm ware\n",
            "entity_id": 0
        },
        "179": {
            "mention": "oms database:si\n",
            "entity_id": 0
        },
        "180": {
            "mention": "zsp - acme5.com shop:vs\n",
            "entity_id": 0
        },
        "181": {
            "mention": "sap - winshuttle\n",
            "entity_id": 0
        },
        "182": {
            "mention": "real time calculator:si\n",
            "entity_id": 0
        },
        "183": {
            "mention": "socks proxy\n",
            "entity_id": 0
        },
        "184": {
            "mention": "unica application\n",
            "entity_id": 0
        },
        "185": {
            "mention": "endeavor exchange 9.0.0.10\n",
            "entity_id": 0
        },
        "186": {
            "mention": "techops web services & mq manager\n",
            "entity_id": 0
        },
        "187": {
            "mention": "cyberark privileged access management:dr\n",
            "entity_id": 0
        },
        "188": {
            "mention": "documentum - global6pr/globalpr\n",
            "entity_id": 0
        },
        "189": {
            "mention": "acme5.com seats:vs\n",
            "entity_id": 0
        },
        "190": {
            "mention": "sap pr1\n",
            "entity_id": 0
        },
        "191": {
            "mention": "documentum - docbrokers:si\n",
            "entity_id": 0
        },
        "192": {
            "mention": "total group manager\n",
            "entity_id": 0
        },
        "193": {
            "mention": "acme5.com utilities (except edocs):vs\n",
            "entity_id": 0
        },
        "194": {
            "mention": "acme5.com trip\n",
            "entity_id": 0
        },
        "195": {
            "mention": "fsm - desktop:dr\n",
            "entity_id": 0
        },
        "196": {
            "mention": "acme5.com booking:prod b\n",
            "entity_id": 0
        },
        "197": {
            "mention": "acme5.com:dev\n",
            "entity_id": 0
        },
        "198": {
            "mention": "socks proxy 8.6.1.2\n",
            "entity_id": 0
        },
        "199": {
            "mention": "vm ware:si\n",
            "entity_id": 0
        },
        "200": {
            "mention": "socks proxy 9.0.0.4\n",
            "entity_id": 0
        },
        "201": {
            "mention": "bridge desktop\n",
            "entity_id": 0
        },
        "202": {
            "mention": "acme5.com irop:dr\n",
            "entity_id": 0
        },
        "203": {
            "mention": "acme5.com flight status and schedules\n",
            "entity_id": 0
        },
        "204": {
            "mention": "aa prioritization reporting:dr\n",
            "entity_id": 0
        },
        "205": {
            "mention": "acme5.com maintenance:vs\n",
            "entity_id": 0
        },
        "206": {
            "mention": "farelogix merchandise engine (fms):si\n",
            "entity_id": 0
        },
        "207": {
            "mention": "documentum - documentum administrator:dev\n",
            "entity_id": 0
        },
        "208": {
            "mention": "documentum - earth docbase\n",
            "entity_id": 0
        },
        "209": {
            "mention": "microsoft file share witness\n",
            "entity_id": 0
        },
        "210": {
            "mention": "microsoft file share witness 9.0.0.6\n",
            "entity_id": 0
        },
        "211": {
            "mention": "acme5.com person\n",
            "entity_id": 0
        },
        "212": {
            "mention": "preferred channel web services:vs\n",
            "entity_id": 0
        },
        "213": {
            "mention": "informatica:vs\n",
            "entity_id": 0
        },
        "214": {
            "mention": "preferred channel web services:vs 9.0.0.4\n",
            "entity_id": 0
        },
        "215": {
            "mention": "acme5.com flight status and schedules:dr\n",
            "entity_id": 0
        },
        "216": {
            "mention": "netbackup application\n",
            "entity_id": 0
        },
        "217": {
            "mention": "dlv web services\n",
            "entity_id": 0
        },
        "218": {
            "mention": "acme5.com personalization:vs\n",
            "entity_id": 0
        },
        "219": {
            "mention": "cargo portal:dev\n",
            "entity_id": 0
        },
        "220": {
            "mention": "file and print server\n",
            "entity_id": 0
        },
        "221": {
            "mention": "occ desktop\n",
            "entity_id": 0
        },
        "222": {
            "mention": "flight c\n",
            "entity_id": 0
        },
        "223": {
            "mention": "airvision fares manager-avfm:dr\n",
            "entity_id": 0
        },
        "224": {
            "mention": "socks proxy 8.5.5.9\n",
            "entity_id": 0
        },
        "225": {
            "mention": "bridge desktop:dr\n",
            "entity_id": 0
        },
        "226": {
            "mention": "acme5.com merchandizing\n",
            "entity_id": 0
        },
        "227": {
            "mention": "preferred channel web services\n",
            "entity_id": 0
        },
        "228": {
            "mention": "dangerous goods reporting:dev\n",
            "entity_id": 0
        },
        "229": {
            "mention": "acme5.com trip:vs\n",
            "entity_id": 0
        },
        "230": {
            "mention": "acme5.com irop\n",
            "entity_id": 0
        },
        "231": {
            "mention": "sales decision operational:vs\n",
            "entity_id": 0
        },
        "232": {
            "mention": "arp mq hub 7.0.0.17\n",
            "entity_id": 0
        },
        "233": {
            "mention": "acme5.com maintenance\n",
            "entity_id": 0
        },
        "234": {
            "mention": "dangerous goods reporting:si\n",
            "entity_id": 0
        },
        "235": {
            "mention": "arp mq hub 8.6.1.2\n",
            "entity_id": 0
        },
        "236": {
            "mention": "bag reroute manager:dr\n",
            "entity_id": 0
        },
        "237": {
            "mention": "endeavor exchange 8.6.1.2\n",
            "entity_id": 0
        },
        "238": {
            "mention": "socks proxy 8.0.26\n",
            "entity_id": 0
        },
        "239": {
            "mention": "real-time alerts:dr\n",
            "entity_id": 0
        },
        "240": {
            "mention": "passport express:dr\n",
            "entity_id": 0
        },
        "241": {
            "mention": "mobile eventing notification:vs v8.4.1\n",
            "entity_id": 0
        },
        "242": {
            "mention": "documentum - xcp standards and procedures manuels for tohp spdms_prod\n",
            "entity_id": 0
        },
        "243": {
            "mention": "acme5.com personalizat\n",
            "entity_id": 0
        },
        "244": {
            "mention": "microsoft file share witness 8.6.1.2\n",
            "entity_id": 0
        },
        "245": {
            "mention": "ifs forms and manuals:dr\n",
            "entity_id": 0
        },
        "246": {
            "mention": "arp mq hub 8.0.5.26\n",
            "entity_id": 0
        },
        "247": {
            "mention": "arp mq hub:dev\n",
            "entity_id": 0
        },
        "248": {
            "mention": "documentum - records_prod docbase:dev\n",
            "entity_id": 0
        },
        "249": {
            "mention": "socks proxy 8.5.5.8\n",
            "entity_id": 0
        },
        "250": {
            "mention": "cargo portal:si\n",
            "entity_id": 0
        },
        "251": {
            "mention": "acme5.com\n",
            "entity_id": 0
        },
        "252": {
            "mention": "arp mq hub 8.5.5.8\n",
            "entity_id": 0
        },
        "253": {
            "mention": "rm continuous integration:dev\n",
            "entity_id": 0
        },
        "254": {
            "mention": "acme5.com journey:dr\n",
            "entity_id": 0
        },
        "255": {
            "mention": "microsoft file share witness 8.0.4.7\n",
            "entity_id": 0
        },
        "256": {
            "mention": "seat recommendation engine:dr\n",
            "entity_id": 0
        },
        "257": {
            "mention": "middleware authorization engine (auz)\n",
            "entity_id": 0
        },
        "258": {
            "mention": "vm ware:dev\n",
            "entity_id": 0
        },
        "259": {
            "mention": "acme5.com journey\n",
            "entity_id": 0
        },
        "260": {
            "mention": "endeavor exchange 8.0.4.7\n",
            "entity_id": 0
        },
        "261": {
            "mention": "acme5.com shop:prod a\n",
            "entity_id": 0
        },
        "262": {
            "mention": "documentum - xcp acme5 material services\n",
            "entity_id": 0
        },
        "263": {
            "mention": "endeavor flight explorer\n",
            "entity_id": 0
        },
        "264": {
            "mention": "acme5.com vacations (shopping component):dr\n",
            "entity_id": 0
        },
        "265": {
            "mention": "acme5.com shop 2:dr\n",
            "entity_id": 0
        },
        "266": {
            "mention": "dlv exchange 7.0.0.17\n",
            "entity_id": 0
        },
        "267": {
            "mention": "dlv exchange 9.0.0.4\n",
            "entity_id": 0
        },
        "268": {
            "mention": "dangerous goods reporting\n",
            "entity_id": 0
        },
        "269": {
            "mention": "flight safety reporting:dev\n",
            "entity_id": 0
        },
        "270": {
            "mention": "acme5.com journey:vs\n",
            "entity_id": 0
        },
        "271": {
            "mention": "acme5.com baggage:vs 9.0.0.4\n",
            "entity_id": 0
        },
        "272": {
            "mention": "socks proxy 7.0.0.17\n",
            "entity_id": 0
        },
        "273": {
            "mention": "cargo portal:dev 8.5.5.10\n",
            "entity_id": 0
        },
        "274": {
            "mention": "arp mq hub 8.5.5.9\n",
            "entity_id": 0
        },
        "275": {
            "mention": "microsoft file share witness 9.0.0\n",
            "entity_id": 0
        },
        "276": {
            "mention": "seat recommendation engine:dev\n",
            "entity_id": 0
        },
        "277": {
            "mention": "documentum - xcp aircraftfls\n",
            "entity_id": 0
        },
        "278": {
            "mention": "arp mq hub 9.0.0.6\n",
            "entity_id": 0
        },
        "279": {
            "mention": "rtsm - real-time staff ma\n",
            "entity_id": 0
        },
        "280": {
            "mention": "informatica:si\n",
            "entity_id": 0
        },
        "281": {
            "mention": "documentum - sbdprod docbase\n",
            "entity_id": 0
        },
        "282": {
            "mention": "station info display\n",
            "entity_id": 0
        },
        "283": {
            "mention": "register.acme5.com\n",
            "entity_id": 0
        },
        "284": {
            "mention": "reseating engine:dr\n",
            "entity_id": 0
        },
        "285": {
            "mention": "dlv exchange 9.0.0.6\n",
            "entity_id": 0
        },
        "286": {
            "mention": "documentum - documentum administrator\n",
            "entity_id": 0
        },
        "287": {
            "mention": "documentum - aircraftfls_prod docbase\n",
            "entity_id": 0
        },
        "288": {
            "mention": "nef aircraft downlink application (nada)\n",
            "entity_id": 0
        },
        "289": {
            "mention": "cyberark privileged access management\n",
            "entity_id": 0
        },
        "290": {
            "mention": "acme5.com shop\n",
            "entity_id": 0
        },
        "291": {
            "mention": "documentum - documentum foundation services:si\n",
            "entity_id": 0
        },
        "292": {
            "mention": "mobile eventing notification:dev\n",
            "entity_id": 0
        },
        "293": {
            "mention": "acme5.com shop:prod b\n",
            "entity_id": 0
        },
        "294": {
            "mention": "informatica:dev\n",
            "entity_id": 0
        },
        "295": {
            "mention": "reseating engine:si\n",
            "entity_id": 0
        },
        "296": {
            "mention": "socks proxy 8.0.5.26\n",
            "entity_id": 0
        },
        "297": {
            "mention": "acme5.com trip:dr\n",
            "entity_id": 0
        },
        "298": {
            "mention": "web filtering proxy:dev\n",
            "entity_id": 0
        },
        "299": {
            "mention": "socks proxy 8.0.4.7\n",
            "entity_id": 0
        },
        "300": {
            "mention": "amag badging application:si\n",
            "entity_id": 0
        },
        "301": {
            "mention": "check point\n",
            "entity_id": 0
        },
        "302": {
            "mention": "near miss reporting:si\n",
            "entity_id": 0
        },
        "303": {
            "mention": "microsoft file share witness 9.0.0.10\n",
            "entity_id": 0
        },
        "304": {
            "mention": "acme5.com bau:vs\n",
            "entity_id": 0
        },
        "305": {
            "mention": "documentum - ida_prod docbase:si\n",
            "entity_id": 0
        },
        "306": {
            "mention": "documentum - records_prod docbase\n",
            "entity_id": 0
        },
        "307": {
            "mention": "acme5.com baggage:dr\n",
            "entity_id": 0
        },
        "308": {
            "mention": "endeavor exchange 9.0.0.6\n",
            "entity_id": 0
        },
        "309": {
            "mention": "acme5.com shop 2\n",
            "entity_id": 0
        },
        "310": {
            "mention": "engine non-routine:dr\n",
            "entity_id": 0
        },
        "311": {
            "mention": "documentum - docdmsprod docbase\n",
            "entity_id": 0
        },
        "312": {
            "mention": "acme5.com loyalty:vs\n",
            "entity_id": 0
        },
        "313": {
            "mention": "documentum - domprprod\n",
            "entity_id": 0
        },
        "314": {
            "mention": "documentum - web manuals federation docbases\n",
            "entity_id": 0
        },
        "315": {
            "mention": "documentum- ligero\n",
            "entity_id": 0
        },
        "316": {
            "mention": "oracle goldengate\n",
            "entity_id": 0
        },
        "317": {
            "mention": "acme5 connection carriers - portal:dev\n",
            "entity_id": 0
        },
        "318": {
            "mention": "documentum - xcp standards and procedures manuels for tohp spdms_prod:si\n",
            "entity_id": 0
        },
        "319": {
            "mention": "passport express:dev\n",
            "entity_id": 0
        },
        "320": {
            "mention": "aircraft damage reporting: aircraft damage api:dev\n",
            "entity_id": 0
        },
        "321": {
            "mention": "flight safety reporting\n",
            "entity_id": 0
        },
        "322": {
            "mention": "documentum - spdms docbase\n",
            "entity_id": 0
        },
        "323": {
            "mention": "sap ewp\n",
            "entity_id": 0
        },
        "324": {
            "mention": "acme5.com mobile:vs\n",
            "entity_id": 0
        },
        "325": {
            "mention": "dlv exchange 8.6.1.2\n",
            "entity_id": 0
        },
        "326": {
            "mention": "documentum - cobprod docbase\n",
            "entity_id": 0
        },
        "327": {
            "mention": "acme5.com booking\n",
            "entity_id": 0
        },
        "328": {
            "mention": "bridge desktop:si\n",
            "entity_id": 0
        },
        "329": {
            "mention": "reseating engine\n",
            "entity_id": 0
        },
        "330": {
            "mention": "acme5.com shop:vs\n",
            "entity_id": 0
        },
        "331": {
            "mention": "acme5 connection carriers - portal:dr\n",
            "entity_id": 0
        },
        "332": {
            "mention": "core-mvp:dev\n",
            "entity_id": 0
        },
        "333": {
            "mention": "inventory exchange 8.5.5.5\n",
            "entity_id": 0
        },
        "334": {
            "mention": "web filtering proxy\n",
            "entity_id": 0
        },
        "335": {
            "mention": "documentum - documentum foundation services\n",
            "entity_id": 0
        },
        "336": {
            "mention": "airvision fares manager-avfm\n",
            "entity_id": 0
        },
        "337": {
            "mention": "et - raptor reporting\n",
            "entity_id": 0
        },
        "338": {
            "mention": "acme5.com shop:dr\n",
            "entity_id": 0
        },
        "339": {
            "mention": "cargo portal:si 8.5.5.11\n",
            "entity_id": 0
        },
        "340": {
            "mention": "preferred channel web services:vs 9\n",
            "entity_id": 0
        },
        "341": {
            "mention": "oms database:dev\n",
            "entity_id": 0
        },
        "342": {
            "mention": "acme5.com cart:vs\n",
            "entity_id": 0
        },
        "343": {
            "mention": "acme5.com irop:vs\n",
            "entity_id": 0
        },
        "344": {
            "mention": "documentum - dtedmprod docbase\n",
            "entity_id": 0
        },
        "345": {
            "mention": "acme5.com cart\n",
            "entity_id": 0
        },
        "346": {
            "mention": "unica application:si\n",
            "entity_id": 0
        },
        "347": {
            "mention": "dlv exchange 9.0.0.10\n",
            "entity_id": 0
        },
        "348": {
            "mention": "rtsm - real-time\n",
            "entity_id": 0
        },
        "349": {
            "mention": "flight schedule monitor:si\n",
            "entity_id": 0
        },
        "350": {
            "mention": "wxstream admin ui\n",
            "entity_id": 0
        },
        "351": {
            "mention": "incontact ivr cloud solution\n",
            "entity_id": 0
        },
        "352": {
            "mention": "access recertification\n",
            "entity_id": 0
        },
        "353": {
            "mention": "endeavor exchange 8.0.26\n",
            "entity_id": 0
        },
        "354": {
            "mention": "documentum - tocimgprod docbase\n",
            "entity_id": 0
        },
        "355": {
            "mention": "real time calculator\n",
            "entity_id": 0
        },
        "356": {
            "mention": "dlv exchange 8.0.4.7\n",
            "entity_id": 0
        },
        "357": {
            "mention": "preferred channel web services:dr\n",
            "entity_id": 0
        },
        "358": {
            "mention": "microsoft file share witness 8.5.5.8\n",
            "entity_id": 0
        },
        "359": {
            "mention": "microsoft file share witness 8.0.26\n",
            "entity_id": 0
        },
        "360": {
            "mention": "mobile eventing notification:vs 5.13.0\n",
            "entity_id": 0
        },
        "361": {
            "mention": "acme5.com baggage 9.0.0.4\n",
            "entity_id": 0
        },
        "362": {
            "mention": "acme5.com baggage:dr v8.4.1\n",
            "entity_id": 0
        },
        "363": {
            "mention": "endeavor exchange 9.0.0.4\n",
            "entity_id": 0
        },
        "364": {
            "mention": "acme5.com sea\n",
            "entity_id": 0
        },
        "365": {
            "mention": "aircraft damage reporting: aircraft damage api\n",
            "entity_id": 0
        },
        "366": {
            "mention": "endeavor flight explorer:si\n",
            "entity_id": 0
        },
        "367": {
            "mention": "acme5.com merchandise egift\n",
            "entity_id": 0
        },
        "368": {
            "mention": "ifs forms and manuals:si\n",
            "entity_id": 0
        },
        "369": {
            "mention": "reseating engine:dev 9.0.0.8\n",
            "entity_id": 0
        },
        "370": {
            "mention": "farelogix merchandise engine (fms)\n",
            "entity_id": 0
        },
        "371": {
            "mention": "acme5.com cancel/refunds 9.0.0.4\n",
            "entity_id": 0
        },
        "372": {
            "mention": "acme5.com bau:si\n",
            "entity_id": 0
        },
        "373": {
            "mention": "crew mobile devices:dr\n",
            "entity_id": 0
        },
        "374": {
            "mention": "rm continuous integration\n",
            "entity_id": 0
        },
        "375": {
            "mention": "documentum - records_prod docbase:si\n",
            "entity_id": 0
        },
        "376": {
            "mention": "documentum - xcp era\n",
            "entity_id": 0
        },
        "377": {
            "mention": "documentum - xcp era:dev\n",
            "entity_id": 0
        },
        "378": {
            "mention": "core-mvp\n",
            "entity_id": 0
        },
        "379": {
            "mention": "documentum - dledmprod docbase\n",
            "entity_id": 0
        },
        "380": {
            "mention": "access recertification:dev\n",
            "entity_id": 0
        },
        "381": {
            "mention": "microsoft file share witness 9.0.0.4\n",
            "entity_id": 0
        },
        "382": {
            "mention": "documentum - xcp era:si\n",
            "entity_id": 0
        },
        "383": {
            "mention": "documentum - hr_prod\n",
            "entity_id": 0
        },
        "384": {
            "mention": "amag badging application\n",
            "entity_id": 0
        },
        "385": {
            "mention": "endeavor exchange 7.0.0.17\n",
            "entity_id": 0
        },
        "386": {
            "mention": "unica application:si 8.5.5.0\n",
            "entity_id": 0
        },
        "387": {
            "mention": "preferred channel web services:vs 8.5.5.5\n",
            "entity_id": 0
        },
        "388": {
            "mention": "acme5.com merchandizing:dr\n",
            "entity_id": 0
        },
        "389": {
            "mention": "reseating engine:vs:si\n",
            "entity_id": 0
        },
        "390": {
            "mention": "nef aircraft downlink application (nada) 8.5.5.13\n",
            "entity_id": 0
        },
        "391": {
            "mention": "acme5.com merchandizing:vs\n",
            "entity_id": 0
        },
        "392": {
            "mention": "wxstream editor ui:dr\n",
            "entity_id": 0
        },
        "393": {
            "mention": "qlik.com         version : 12.10\n",
            "entity_id": 0
        },
        "394": {
            "mention": "vmware photon os\n",
            "entity_id": 0
        },
        "395": {
            "mention": "sap trex 79\n",
            "entity_id": 0
        },
        "396": {
            "mention": "coffee script\n",
            "entity_id": 0
        },
        "397": {
            "mention": "views\n",
            "entity_id": 0
        },
        "398": {
            "mention": "kronos vendor application\n",
            "entity_id": 0
        },
        "399": {
            "mention": "rac\"\n",
            "entity_id": 0
        },
        "400": {
            "mention": "heritage --- internally developed portal\n",
            "entity_id": 0
        },
        "401": {
            "mention": "tcf framework and spring\n",
            "entity_id": 0
        },
        "402": {
            "mention": "pick basic\n",
            "entity_id": 0
        },
        "403": {
            "mention": "alation.com     version :alation v r4   build:5.8.5\n",
            "entity_id": 0
        },
        "404": {
            "mention": "pitney bowes designer\n",
            "entity_id": 0
        },
        "405": {
            "mention": "folio views\n",
            "entity_id": 0
        },
        "406": {
            "mention": "custom application -- no vendor\n",
            "entity_id": 0
        },
        "407": {
            "mention": "standards pro\n",
            "entity_id": 0
        },
        "408": {
            "mention": "shell script\n",
            "entity_id": 0
        },
        "409": {
            "mention": "mirth connect\n",
            "entity_id": 0
        },
        "410": {
            "mention": "mostly access d/b\n",
            "entity_id": 0
        },
        "411": {
            "mention": "sap pipo\n",
            "entity_id": 0
        },
        "412": {
            "mention": "tcf framework\n",
            "entity_id": 0
        },
        "413": {
            "mention": "unknown\n",
            "entity_id": 0
        },
        "414": {
            "mention": "then this application will be decommissioned\n",
            "entity_id": 0
        },
        "415": {
            "mention": "financial reporting 11.1.2.4\n",
            "entity_id": 0
        },
        "416": {
            "mention": "access db\n",
            "entity_id": 0
        },
        "417": {
            "mention": "ohs 12.2.1.3\n",
            "entity_id": 0
        },
        "418": {
            "mention": "home grown application\n",
            "entity_id": 0
        },
        "419": {
            "mention": "reflexis task manager\n",
            "entity_id": 0
        }
    }
}