{
  "Version": "1.0.4",
  "Linux": [
    "oracle middleware (including Oracle Forms & Reports and Oracle Traffic Director)",
    "oracle designer",
    "openldap",
    "tivoli monitoring server (HUB TEMS)",
    "ca wily introscope",
    "drupal",
    "gcc",
    "glassfish",
    "golang_linux",
    "groovy",
    "haproxy",
    "httpd",
    "ibm security access manager",
    "jenkins",
    "marklogic",
    "memcached",
    "java se jre_linux",
    "microsoft sql server",
    "mongo_linux",
    "mysql",
    "neo4j",
    "nginx",
    "node",
    "oracle database enterprise edition",
    "oracle webLogic server",
    "progress application server (PAS) for openedge",
    "php",
    "python_linux",
    "r-base",
    "rabbitmq",
    "rails",
    "redis_linux",
    "ruby",
    "sap hana, express edition (database and application services)",
    "sonarqube",
    "swift",
    "tomcat",
    "websphere-liberty",
    "wordpress",
    "xml-to-bootstrap",
    "ahfcmd",
    "hive",
    "cordova",
    "chrome",
    "docker-pentaho",
    "zerto-exporter",
    "management_frontend",
    "activiti",
    "webfocus",
    "alpine-sass",
    "oracle-soa-suite-12c",
    "docker-cobol",
    "svn-apache",
    "static-file-server",
    "hbase",
    "scala-sbt",
    "fabric-ca",
    "db2",
    "ibm-http-server",
    "iib",
    "informix-developer-database",
    "mq",
    "websphere-portal",
    "websphere-traditional",
    "opentext",
    "cognos",
    "base",
    "wildfly",
    "docker-teradata-client",
    "firefox",
    "nginx-proxy",
    "remedy-admin",
    "uniface",
    "rv-tibco",
    "openvpn-as",
    "lucee52",
    "sqldeveloper",
    "term_ssh_wine_winmerge",
    "openbd",
    "mdw",
    "infobright",
    "alpine-expect",
    "acroread",
    "fortran-gfortran",
    "javascript-node.js",
    "objectivec-gcc",
    "pascal-fp_compiler",
    "smalltalk-gnu",
    "nginx-ingress",
    "nix",
    "node-red-docker",
    "graphql-demo",
    "sas",
    "flash",
    "vcenter",
    "gpdb-devel",
    "pivotal-tc-server",
    "activemq",
    "svf",
    "typescript",
    "hadoop-docker",
    "nexus3",
    "splunk",
    "docker-eas-peoplesoft-base",
    "imsdb",
    "spfx",
    "arcgisserver",
    "zeromq",
    "ibm workload scheduler 9.5",
    "ibm transformation extender",
    "openjdk_linux",
    "perl",
    "postgres",
    "solr",
    "odm",
    "maxdb-provider",
    "docker-sybase",
    "netscaler-cpx",
    "sqlite",
    "vb",
    "software ag adabas ce",
    "software ag natural ce",
    "ansible",
    "powershell_linux",
    "cassandra",
    "gitlab community edition",
    "maven",
    "adobecoldfusion/coldfusion",
    "bitnami/mongodb",
    "bitnami/openldap",
    "bitnami/postgresql",
    "sentry",
    "ibmcom/zeromq",
    "bitnami/spark",
    "ibmcom/react",
    "bitnami/wildfly",
    "docker",
    "ibmcom/json",
    "java",
    "snyk/snyk",
    "varnish",
    "kasmweb/api",
    "nuxeo",
    "arangodb",
    "bitnami/minio",
    "elasticsearch",
    "bitnami/keycloak",
    "grafana/grafana",
    "mariadb",
    "vault",
    "bitnami/etcd",
    "traefik",
    "bitnami/git",
    "ibmcom/isam",
    "ibmcom/db2",
    "bitnami/drupal",
    "bitnami/jenkins",
    "bitnami/memcached",
    "ubuntu/memcached",
    "ibmcom/mongodb",
    "circleci/mysql",
    "bitnami/mysql",
    "ubuntu/mysql",
    "cimg/mysql",
    "google/mysql",
    "mirantis/mysql",
    "bitnami/neo4j",
    "ibmcom/neo4j",
    "ibmcom/postgresql",
    "pachyderm/postgresql",
    "bitnami/rabbitmq",
    "circleci/rabbitmq",
    "bitnami/redis",
    "circleci/redis",
    "ubuntu/redis",
    "cimg/redis",
    "bitnami/sonarqube",
    "bitnami/wordpress",
    "bitnami/haproxy",
    "ibmcom/haproxy",
    "bitnami/nginx",
    "ubuntu/nginx",
    "kasmweb/nginx",
    "rancher/nginx",
    "rancher/spark",
    "cimg/android",
    "google/dart",
    "bitnami/java",
    "circleci/java",
    "circleci/php",
    "cimg/php",
    "circleci/python",
    "bitnami/python",
    "cimg/python",
    "circleci/ruby",
    "cimg/ruby",
    "bitnami/ruby",
    "datadog/ruby",
    "ibmcom/varnish",
    "ibmcom/minio",
    "bitnami/elasticsearch",
    "ibmcom/elasticsearch",
    "rancher/elasticsearch",
    "bitnami/mariadb",
    "circleci/mariadb",
    "ibmcom/mariadb",
    "cimg/mariadb",
    "ibmcom/vault",
    "ibmcom/etcd",
    "rancher/etcd",
    "pachyderm/etcd",
    "vmware/postgresql",
    "vmware/nginx",
    "okteto/php",
    "okteto/python",
    "okteto/ruby",
    "okteto/api",
    "bitnami/clickhouse",
    "hashicorp/vault",
    "okteto/traefik",
    "okteto/gitlab"
  ],
  "Oracle Forms": [
    "oracle middleware (including Oracle Forms & Reports and Oracle Traffic Director)"
  ],
  "Linux|Ubuntu": [
    "eclipse",
    "sap maxdb",
    "ibm maximo asset management",
    "oracle-apex-ords",
    "bmc",
    "riak-kv_Ubuntu",
    "chef",
    "vmware-tools",
    "xampp",
    "sqlanywhere",
    "tcl",
    "kitura-ubuntu",
    "ubuntu"
  ],
  "Eclipse|*": [
    "eclipse"
  ],
  "SAP MaxDB": [
    "sap maxdb",
    "maxdb-provider"
  ],
  "IBM Maximo": [
    "ibm maximo asset management"
  ],
  "Oracle Designer": [
    "oracle designer"
  ],
  "Linux|Oracle Linux": [
    "oracle real application clusters (RAC) database",
    "oracle siebel"
  ],
  "Oracle Real Application Clusters (RAC)": [
    "oracle real application clusters (RAC) database"
  ],
  "Windows": [
    "oracle database windows",
    "golang_windows",
    ".net framework",
    "asp.net",
    "java se jre_windows",
    "windows iis",
    "python_windows",
    "redis_windows",
    "ooce",
    "dynamics-nav",
    "asp-docker",
    "sysinternals",
    "openjdk_windows",
    "mssql-server-windows-developer",
    "mssql-server-windows-express",
    "powershell_windows"
  ],
  "Oracle Database|*": [
    "oracle database windows",
    "oracle database enterprise edition"
  ],
  "Siebel": [
    "oracle siebel",
    "siebelapp"
  ],
  "OpenLDAP": [
    "openldap",
    "bitnami/openldap"
  ],
  "IBM Tivoli Monitoring": [
    "tivoli monitoring server (HUB TEMS)"
  ],
  "CA Introscope": [
    "ca wily introscope"
  ],
  "Drupal": [
    "drupal",
    "bitnami/drupal"
  ],
  "C++|*": [
    "gcc"
  ],
  "Java|Java Enterprise Edition (Java EE)": [
    "glassfish",
    "oracle webLogic server"
  ],
  "GlassFish": [
    "glassfish"
  ],
  "Go": [
    "golang_windows",
    "golang_linux"
  ],
  "Groovy": [
    "groovy"
  ],
  "HAProxy": [
    "haproxy",
    "bitnami/haproxy",
    "ibmcom/haproxy"
  ],
  "Apache HTTP Server": [
    "httpd"
  ],
  "Tivoli Access Manager (TAM)": [
    "ibm security access manager"
  ],
  "Jenkins": [
    "jenkins",
    "bitnami/jenkins"
  ],
  "MarkLogic DB": [
    "marklogic"
  ],
  "Memcached": [
    "memcached",
    "bitnami/memcached",
    "ubuntu/memcached"
  ],
  ".NET Framework|*": [
    ".net framework"
  ],
  "Active Server Pages (ASP)": [
    "asp.net",
    "asp-docker"
  ],
  "Java Runtime Environment (JRE)": [
    "java se jre_windows",
    "java se jre_linux"
  ],
  "MS SQL Server|*": [
    "microsoft sql server",
    "mssql-server-windows-developer"
  ],
  "IIS|*": [
    "windows iis"
  ],
  "Windows|Windows Server": [
    "mongo_windows"
  ],
  "MongoDB": [
    "mongo_windows",
    "mongo_linux",
    "bitnami/mongodb",
    "ibmcom/mongodb"
  ],
  "MySQL": [
    "mysql",
    "circleci/mysql",
    "bitnami/mysql",
    "ubuntu/mysql",
    "cimg/mysql",
    "google/mysql",
    "mirantis/mysql"
  ],
  "Neo4j": [
    "neo4j",
    "bitnami/neo4j",
    "ibmcom/neo4j"
  ],
  "Nginx": [
    "nginx",
    "nginx-proxy",
    "bitnami/nginx",
    "ubuntu/nginx",
    "kasmweb/nginx",
    "rancher/nginx",
    "vmware/nginx"
  ],
  "Node.js": [
    "node",
    "javascript-node.js"
  ],
  "Oracle WebLogic Server": [
    "oracle webLogic server"
  ],
  "OpenEdge ABL": [
    "progress application server (PAS) for openedge"
  ],
  "PHP": [
    "php",
    "wordpress",
    "circleci/php",
    "cimg/php",
    "okteto/php"
  ],
  "Python": [
    "python_windows",
    "python_linux",
    "circleci/python",
    "bitnami/python",
    "cimg/python",
    "okteto/python"
  ],
  "R": [
    "r-base"
  ],
  "RabbitMQ": [
    "rabbitmq",
    "bitnami/rabbitmq",
    "circleci/rabbitmq"
  ],
  "Ruby": [
    "rails",
    "ruby",
    "circleci/ruby",
    "cimg/ruby",
    "bitnami/ruby",
    "datadog/ruby",
    "okteto/ruby"
  ],
  "Ruby on Rails": [
    "rails"
  ],
  "Redis": [
    "redis_windows",
    "redis_linux",
    "bitnami/redis",
    "circleci/redis",
    "ubuntu/redis",
    "cimg/redis"
  ],
  "SAP HANA DB": [
    "sap hana, express edition (database and application services)"
  ],
  "Java|*": [
    "sonarqube",
    "tomcat",
    "websphere-liberty",
    "riak-kv_Ubuntu",
    "riak-kv_CentOS",
    "websphere-portal",
    "websphere-traditional",
    "openjdk_windows",
    "openjdk_linux",
    "maven",
    "java",
    "bitnami/java",
    "circleci/java"
  ],
  "SonarQube": [
    "sonarqube",
    "bitnami/sonarqube"
  ],
  "Swift": [
    "swift"
  ],
  "Apache Tomcat": [
    "tomcat"
  ],
  "WebSphere Liberty": [
    "websphere-liberty"
  ],
  "Wordpress": [
    "wordpress",
    "bitnami/wordpress"
  ],
  "Extensible Markup Language (XML)|*": [
    "xml-to-bootstrap"
  ],
  "Linux|Debian": [
    "asterisk",
    "kafka",
    "postgresql",
    "reportserver",
    "spark",
    "lisp",
    "delphi-prod",
    "debian"
  ],
  "Asterisk": [
    "asterisk"
  ],
  "Extensible Stylesheet Language (XSL)": [
    "ahfcmd"
  ],
  "Oracle APEX": [
    "oracle-apex-ords"
  ],
  "Linux|Red Hat Enterprise Linux": [
    "siebelapp"
  ],
  "BMC Identity Management": [
    "bmc"
  ],
  "Riak": [
    "riak-kv_Ubuntu",
    "riak-kv_CentOS"
  ],
  "Linux|CentOS": [
    "riak-kv_CentOS",
    "apache-servicemix",
    "resin",
    "centos"
  ],
  "Apache Hive": [
    "hive"
  ],
  "Apache Cordova": [
    "cordova"
  ],
  "Apache Kafka": [
    "kafka"
  ],
  "PostgreSQL": [
    "postgresql",
    "postgres",
    "bitnami/postgresql",
    "ibmcom/postgresql",
    "pachyderm/postgresql",
    "vmware/postgresql"
  ],
  "Business Intelligence and Reporting Tools (BIRT)": [
    "reportserver"
  ],
  "Spark": [
    "spark",
    "bitnami/spark",
    "rancher/spark"
  ],
  "Google Chrome": [
    "chrome"
  ],
  "Pentaho": [
    "docker-pentaho"
  ],
  "Chef Automate": [
    "chef"
  ],
  "Zerto Virtual Replication": [
    "zerto-exporter"
  ],
  "Clipper": [
    "management_frontend"
  ],
  "VMware Tools": [
    "vmware-tools"
  ],
  "XAMPP": [
    "xampp"
  ],
  "Activiti": [
    "activiti"
  ],
  "SAP SQL Anywhere": [
    "sqlanywhere"
  ],
  "Lisp": [
    "lisp"
  ],
  "WebFOCUS": [
    "webfocus"
  ],
  "Apache ServiceMix": [
    "apache-servicemix"
  ],
  "TCL": [
    "tcl"
  ],
  "Sass": [
    "alpine-sass"
  ],
  "Oracle SOA Suite": [
    "oracle-soa-suite-12c"
  ],
  "Resin Web Server": [
    "resin"
  ],
  "COBOL": [
    "docker-cobol"
  ],
  "Apache Subversion": [
    "svn-apache"
  ],
  "HTTP File Server": [
    "static-file-server"
  ],
  "Apache Hbase": [
    "hbase"
  ],
  "HP Operations Orchestration (HPOO)": [
    "ooce"
  ],
  "Scala": [
    "scala-sbt"
  ],
  "Delphi": [
    "delphi-prod"
  ],
  "Fabric OS": [
    "fabric-ca"
  ],
  "DB2": [
    "db2",
    "ibmcom/db2"
  ],
  "IBM HTTP Server": [
    "ibm-http-server"
  ],
  "IBM Integration Bus|*": [
    "iib"
  ],
  "IBM Informix-4GL": [
    "informix-developer-database"
  ],
  "Kitura": [
    "kitura-ubuntu"
  ],
  "IBM Websphere MQ": [
    "mq"
  ],
  "WebSphere Portal Server": [
    "websphere-portal"
  ],
  "Websphere Application Server (WAS)": [
    "websphere-traditional"
  ],
  "OpenText Exstream": [
    "opentext"
  ],
  "Cognos": [
    "cognos"
  ],
  "JBoss|*": [
    "base"
  ],
  "JBoss|Wildfly": [
    "wildfly",
    "bitnami/wildfly"
  ],
  "Teradata": [
    "docker-teradata-client"
  ],
  "Mozilla Firefox": [
    "firefox"
  ],
  "Remedy": [
    "remedy-admin"
  ],
  "Uniface": [
    "uniface"
  ],
  "TIBCO Rendezvous": [
    "rv-tibco"
  ],
  "OpenVPN": [
    "openvpn-as"
  ],
  "Lucee": [
    "lucee52"
  ],
  "Oracle SQL Developer": [
    "sqldeveloper"
  ],
  "WinMerge": [
    "term_ssh_wine_winmerge"
  ],
  "ColdFusion Markup Language (CFML)": [
    "openbd"
  ],
  "Model Driven Workflow (MDW)": [
    "mdw"
  ],
  "Infobright Community Edition (ICE)": [
    "infobright"
  ],
  "Expect": [
    "alpine-expect"
  ],
  "Adobe Acrobat Reader": [
    "acroread"
  ],
  "Microsoft Dynamics AX": [
    "dynamics-nav"
  ],
  "Fortran": [
    "fortran-gfortran"
  ],
  "JavaScript|*": [
    "javascript-node.js"
  ],
  "Objective C": [
    "objectivec-gcc"
  ],
  "Pascal|*": [
    "pascal-fp_compiler"
  ],
  "Smalltalk": [
    "smalltalk-gnu"
  ],
  "Ingres": [
    "nginx-ingress"
  ],
  "Nix package manager": [
    "nix"
  ],
  "Wherescape Red": [
    "node-red-docker"
  ],
  "GraphQL": [
    "graphql-demo"
  ],
  "SAS": [
    "sas"
  ],
  "Flash": [
    "flash"
  ],
  "VMware vCenter": [
    "vcenter"
  ],
  "Greenplum DB": [
    "gpdb-devel"
  ],
  "Pivotal tc Server": [
    "pivotal-tc-server"
  ],
  "Apache ActiveMQ": [
    "activemq"
  ],
  "WingArc SVF": [
    "svf"
  ],
  "TypeScript": [
    "typescript"
  ],
  "Hadoop": [
    "hadoop-docker"
  ],
  "Nexus Repository OSS": [
    "nexus3"
  ],
  "Splunk": [
    "splunk"
  ],
  "PeopleSoft": [
    "docker-eas-peoplesoft-base"
  ],
  "IMS DB": [
    "imsdb"
  ],
  "SharePoint": [
    "spfx"
  ],
  "Sysinternal Tools|*": [
    "sysinternals"
  ],
  "ArcGIS Server": [
    "arcgisserver"
  ],
  "ZeroMQ": [
    "zeromq",
    "ibmcom/zeromq"
  ],
  "IBM Tivoli Workload Scheduler (TWS)": [
    "ibm workload scheduler 9.5"
  ],
  "IBM WebSphere Transformation Extender (WTX)": [
    "ibm transformation extender"
  ],
  "Perl|*": [
    "perl"
  ],
  "Apache Solr": [
    "solr"
  ],
  "IBM Operational Decision Manager (ODM)": [
    "odm"
  ],
  "MS SQL Server Compact": [
    "mssql-server-windows-express"
  ],
  "Sybase SQL Server|*": [
    "docker-sybase"
  ],
  "Citrix ADC CPX": [
    "netscaler-cpx"
  ],
  "SQLite": [
    "sqlite"
  ],
  "VB.NET": [
    "vb"
  ],
  "ADABAS": [
    "software ag adabas ce"
  ],
  "Natural Programming Language": [
    "software ag natural ce"
  ],
  "Ansible": [
    "ansible"
  ],
  "Powershell": [
    "powershell_linux",
    "powershell_windows"
  ],
  "Apache Cassandra": [
    "cassandra"
  ],
  "GitLab": [
    "gitlab community edition",
    "okteto/gitlab"
  ],
  "Java|Java Development Kit (JDK)": [
    "maven"
  ],
  "Apache Maven": [
    "maven"
  ],
  "Coldfusion": [
    "adobecoldfusion/coldfusion"
  ],
  "Sentry": [
    "sentry"
  ],
  "JavaScript|React": [
    "ibmcom/react"
  ],
  "Android": [
    "circleci/android"
  ],
  "DART": [
    "dart"
  ],
  "Linux|openSUSE": [
    "opensuse"
  ],
  "Linux|Fedora": [
    "fedora"
  ],
  "Docker": [
    "docker"
  ],
  "Snyk": [
    "snyk/snyk"
  ],
  "Varnish": [
    "varnish",
    "ibmcom/varnish"
  ],
  "Nuxeo": [
    "nuxeo"
  ],
  "ArangoDB": [
    "arangodb"
  ],
  "MinIO": [
    "bitnami/minio",
    "ibmcom/minio"
  ],
  "Elasticsearch": [
    "elasticsearch",
    "bitnami/elasticsearch",
    "ibmcom/elasticsearch",
    "rancher/elasticsearch"
  ],
  "Keycloak": [
    "bitnami/keycloak"
  ],
  "Grafana": [
    "grafana/grafana"
  ],
  "MariaDB": [
    "mariadb",
    "bitnami/mariadb",
    "circleci/mariadb",
    "ibmcom/mariadb",
    "cimg/mariadb"
  ],
  "Vault": [
    "vault",
    "ibmcom/vault",
    "hashicorp/vault"
  ],
  "etcd": [
    "bitnami/etcd",
    "ibmcom/etcd",
    "rancher/etcd",
    "pachyderm/etcd"
  ],
  "Traefik": [
    "traefik",
    "okteto/traefik"
  ],
  "Git": [
    "bitnami/git"
  ],
  "ISAM": [
    "ibmcom/isam"
  ],
  "ClickHouse": [
    "bitnami/clickhouse"
  ]
}