{
  "Version": "1.0.4",
  "Linux|Red Hat Enterprise Linux": [
    "ibm maximo asset management",
    "openldap",
    "golang_linux",
    "haproxy",
    "httpd",
    "jenkins",
    "marklogic",
    "memcached",
    "java se jre_linux",
    "microsoft sql server",
    "mongo_linux",
    "mysql",
    "nginx",
    "python_linux",
    "redis_linux",
    "ruby",
    "swift",
    "tomcat",
    "websphere-liberty",
    "ansible",
    "hive",
    "websphere-traditional",
    "apache cassandra",
    "ansible tower"
  ],
  "IBM Maximo": [
    "ibm maximo asset management"
  ],
  "OpenLDAP": [
    "openldap",
    "openldap",
    "56401deb-7290-4d8b-8731-baf6d8b5d27d/openldap",
    "minio/openldap",
    "powerhome/openldap",
    "flysangel/openldap",
    "cs-sert/openldap",
    "truecharts/openldap",
    "llasmith/openldap",
    "rosalindfranklininstitute/openldap",
    "leena_ibm/openldap",
    "opaqnetworks/openldap",
    "vr4manta/openldap",
    "tmm/openldap",
    "sabzco/openldap",
    "ramonvanstijn/openldap",
    "kylecooley/openldap",
    "syndesis_qe/openldap",
    "feven/openldap",
    "nathan5508/openldap"
  ],
  "Linux": [
    "gcc",
    "node",
    "php",
    "rabbitmq",
    "fabric-ca",
    "db2",
    "mq",
    "base",
    "wildfly",
    "nginx-proxy",
    "javascript-node.js",
    "objectivec-gcc",
    "nginx-ingress",
    "node-red-docker",
    "sas",
    "activemq",
    "hadoop-docker",
    "nexus3",
    "splunk",
    "ibm transformation extender",
    "openjdk_linux",
    "perl",
    "postgres",
    "solr",
    "odm",
    "asterisk",
    "drupal",
    "elastic",
    "genymotion",
    "hadoop",
    "neo4j",
    "openldap",
    "openvpn",
    "pentaho",
    "redis",
    "remedy",
    "riak",
    "sentry",
    "sonarqube",
    "whois",
    "tableau",
    "wordpress",
    "sqlite",
    "glassfish",
    "lucee",
    "awk",
    "basic",
    "expect",
    "focus",
    "fortran",
    "graphql",
    "groovy",
    "jcl",
    "scala",
    "typescript",
    "log4j",
    "struts",
    "angularjs",
    "react",
    "ado",
    "flash",
    "java",
    "python",
    "instana",
    "credstash",
    "snyk",
    "akka",
    "varnish",
    "datadog",
    "hazelcast",
    "infinispan",
    "nuxeo",
    "arangodb",
    "clickhouse",
    "minio",
    "elasticsearch",
    "keycloak",
    "grafana",
    "mattermost",
    "synapse",
    "kubeflow",
    "sematext",
    "mariadb",
    "istio",
    "vault",
    "etcd",
    "traefik",
    "yugabytedb",
    "cockroachdb",
    "jaeger",
    "powershell",
    "dds",
    "git",
    "gitlab",
    "osbuild/ansible",
    "citybaseinc/asterisk",
    "jorti/asterisk",
    "mak73kur/asterisk",
    "gabibbo97/asterisk",
    "quarkusqeteam/db2",
    "pjgg/db2",
    "rhoar_qe/db2",
    "luisarizmendi/db2",
    "official-images/drupal",
    "swsmirror/drupal",
    "damagehead/drupal",
    "dockerlibrary/drupal",
    "dperez_mulet/drupal",
    "brunofar/drupal",
    "kmamgain/elastic",
    "yacis/elastic",
    "alaska/genymotion",
    "iguazio/hadoop",
    "flysangel/hadoop",
    "lalyos/hadoop",
    "coreos/hadoop",
    "falkonry/hadoop",
    "flokkr/hadoop",
    "mcapitanio/hadoop",
    "opaqnetworks/hadoop",
    "tamr/hadoop",
    "h3nrique/jenkins",
    "cdis/jenkins",
    "hany_mostafa/jenkins",
    "flysangel/jenkins",
    "jitesoft/memcached",
    "factory2/memcached",
    "exd-guild-distribution/memcached",
    "cybozu/memcached",
    "openstack.kolla/memcached",
    "genomenon/memcached",
    "redhat-aqe/memcached",
    "openshifttest/mysql",
    "prsurve/mysql",
    "gauravkumar9130/mysql",
    "cybozu/mysql",
    "hazelcast_cloud/mysql",
    "operations/mysql",
    "56401deb-7290-4d8b-8731-baf6d8b5d27d/neo4j",
    "thoba/neo4j",
    "modelgraphtools/neo4j",
    "ukhomeofficedigital/neo4j",
    "dockerlibrary/neo4j",
    "peoplepattern/neo4j",
    "cookbrite/neo4j",
    "frankyto2004/neo4j",
    "steveblackmon/neo4j",
    "openkilda/neo4j",
    "xavireds89/neo4j",
    "swsmirror/neo4j",
    "karmkarm/neo4j",
    "processtempo/neo4j",
    "amd64/neo4j",
    "56401deb-7290-4d8b-8731-baf6d8b5d27d/openldap",
    "minio/openldap",
    "powerhome/openldap",
    "flysangel/openldap",
    "cs-sert/openldap",
    "truecharts/openldap",
    "llasmith/openldap",
    "rosalindfranklininstitute/openldap",
    "leena_ibm/openldap",
    "opaqnetworks/openldap",
    "vr4manta/openldap",
    "tmm/openldap",
    "kubermatic/openvpn",
    "plange/openvpn",
    "hypershift/openvpn",
    "digidentity/openvpn",
    "ukhomeofficedigital/openvpn",
    "konveyor/openvpn",
    "hasni/pentaho",
    "pablo_lemosochandio/pentaho",
    "56401deb-7290-4d8b-8731-baf6d8b5d27d/postgresql",
    "enterprisedb/postgresql",
    "aptible/postgresql",
    "operatorhubio/postgresql",
    "56401deb-7290-4d8b-8731-baf6d8b5d27d/rabbitmq",
    "domino/rabbitmq",
    "sisense/rabbitmq",
    "scentbird/rabbitmq",
    "aptible/rabbitmq",
    "trackmaven/rabbitmq",
    "openstack.kolla/rabbitmq",
    "lbac/rabbitmq",
    "sameersbn/redis",
    "56401deb-7290-4d8b-8731-baf6d8b5d27d/redis",
    "opstree/redis",
    "domino/redis",
    "quay/redis",
    "scentbird/redis",
    "crio/redis",
    "aptible/redis",
    "libpod/redis",
    "cloud-bulldozer/redis",
    "smile/redis",
    "amosnl/remedy",
    "dotabuff/riak",
    "arschles/riak",
    "joukou/riak",
    "deis/riak",
    "01it/riak",
    "deisci/riak",
    "app-sre/sentry",
    "swsmirror/sentry",
    "dontpayfull/sentry",
    "zebbra/sentry",
    "kbrwn/sentry",
    "dockerlibrary/sentry",
    "3ofcoins/sentry",
    "baselibrary/sentry",
    "beatport/sentry",
    "playlab/sentry",
    "arastu/sentry",
    "maaaato/sentry",
    "gpte-devops-automation/sonarqube",
    "56401deb-7290-4d8b-8731-baf6d8b5d27d/sonarqube",
    "andrexbass/sonarqube",
    "ukhomeofficedigital/sonarqube",
    "siamaksade/sonarqube",
    "ecerquei/sonarqube",
    "rcarrata/sonarqube",
    "an6eel/sonarqube",
    "ccee/sonarqube",
    "rocep/sonarqube",
    "bcgov/sonarqube",
    "evandenbeld/sonarqube",
    "redhatgov/sonarqube",
    "swsmirror/sonarqube",
    "appcontainers/sonarqube",
    "operatorhubio/splunk",
    "mariaelisacf/splunk",
    "westonsteimel/whois",
    "growthstack/tableau",
    "redhattraining/wordpress",
    "56401deb-7290-4d8b-8731-baf6d8b5d27d/wordpress",
    "ashish11_ibm/wordpress",
    "uninett/wordpress",
    "cellosofia/wordpress",
    "redhattraining_dev/wordpress",
    "swsmirror/wordpress",
    "ibmcanada/wordpress",
    "curtistai/wordpress",
    "fale/sqlite",
    "biocontainers/sqlite",
    "mohamedf0/glassfish",
    "jduimovich0/haproxy",
    "openstack.kolla/haproxy",
    "karmab/haproxy",
    "official-images/haproxy",
    "ceph/haproxy",
    "daemonite/lucee",
    "openshift-scale/nginx",
    "jitesoft/nginx",
    "cloud-bulldozer/nginx",
    "56401deb-7290-4d8b-8731-baf6d8b5d27d/nginx",
    "ocsci/nginx",
    "bedrock/nginx",
    "aptible/nginx",
    "testing-farm/nginx",
    "56401deb-7290-4d8b-8731-baf6d8b5d27d/spark",
    "diem/spark",
    "domino/spark",
    "iguazio/spark",
    "cakkinep/spark",
    "shenglai/awk",
    "biocontainers/basic",
    "baseimage/expect",
    "biocontainers/focus",
    "eriktrent/fortran",
    "wasmoffload/graphql",
    "official-images/groovy",
    "swsmirror/groovy",
    "dockerlibrary/groovy",
    "jclaret/jcl",
    "domino/sas",
    "fahrettinc/sas",
    "appvia_hub_dev/sas",
    "azavea/scala",
    "reviewtrackers/scala",
    "opaqnetworks/scala",
    "ellerbrock/typescript",
    "omnijarstudio/typescript",
    "crozzy/log4j",
    "arifulhuq/struts",
    "connorg/struts",
    "araalinetworks/struts",
    "amaljose/angularjs",
    "profects/react",
    "scottlezberg/ado",
    "wildfly/wildfly",
    "56401deb-7290-4d8b-8731-baf6d8b5d27d/wildfly",
    "halconsole/wildfly",
    "operatorhubio/wildfly",
    "alousta_us/wildfly",
    "biocontainers/flash",
    "logiq/flash",
    "refgenomics/flash",
    "kmhernan/flash",
    "staphb/flash",
    "enxadahost/java",
    "tamr/java",
    "reishost/java",
    "biocontainers/perl",
    "kissj/php",
    "startx/php",
    "api-platform/php",
    "official-images/php",
    "swsmirror/php",
    "56401deb-7290-4d8b-8731-baf6d8b5d27d/python",
    "biocontainers/python",
    "agari/python",
    "cdis/python",
    "sctregistry/python",
    "mlrun/python",
    "56401deb-7290-4d8b-8731-baf6d8b5d27d/ruby",
    "aptible/ruby",
    "forem/ruby",
    "swsmirror/ruby",
    "openshifttest/ruby",
    "goodguide/ruby",
    "karthik_t/ruby",
    "springest/ruby",
    "vasistatest/javascript",
    "yaoyao/instana",
    "safesoftware/credstash",
    "exd_infra_plts_cip/snyk",
    "j0zi/akka",
    "hasha/akka",
    "api-platform/varnish",
    "akretion/varnish",
    "airshipcms/varnish",
    "45air/varnish",
    "vektorcloud/varnish",
    "blondie/datadog",
    "cdufresne/hazelcast",
    "noorul/hazelcast",
    "operatorhubio/infinispan",
    "openshift-community-operators/infinispan",
    "ramgopireddy/infinispan",
    "operator_testing/infinispan",
    "dockerlibrary/nuxeo",
    "swsmirror/nuxeo",
    "borja/nuxeo",
    "official-images/arangodb",
    "swsmirror/arangodb",
    "rh_integration/arangodb",
    "onet/arangodb",
    "dockerlibrary/arangodb",
    "vpavlin/arangodb",
    "insightpool/arangodb",
    "operatorhubio/clickhouse",
    "truecharts/clickhouse",
    "binarysoftware/clickhouse",
    "excoin/clickhouse",
    "iyuroch/clickhouse",
    "https://quay.io/application/sunsingerus/clickhouse",
    "cloudservices/minio",
    "artisan/minio",
    "devtron/minio",
    "uninett/minio",
    "riotkit/minio",
    "nird-toolkit/minio",
    "kubevirt/minio",
    "stackstate/minio",
    "ricardbejarano/minio",
    "wakaba/minio",
    "deisci/minio",
    "anuta/minio",
    "fluentd_elasticsearch/elasticsearch",
    "crowdworks/elasticsearch",
    "trackmaven/elasticsearch",
    "centerforopenscience/elasticsearch",
    "agari/elasticsearch",
    "openshifttest/elasticsearch",
    "karbon/elasticsearch",
    "stackstate/elasticsearch",
    "arrowhacks/keycloak",
    "ukhomeofficedigital/keycloak",
    "tamr/grafana",
    "opencloudio/grafana",
    "cybozu/grafana",
    "testing-farm/grafana",
    "sisense/grafana",
    "devtron/grafana",
    "jostone/mattermost",
    "fodoj/mattermost",
    "jasl8r/mattermost",
    "truecharts/mattermost",
    "goern/mattermost",
    "ukhomeofficedigital/mattermost",
    "ecasa/mattermost",
    "dockernohub/synapse",
    "jostone/synapse",
    "truecharts/synapse",
    "snapserv/synapse",
    "opentelekomcloud/synapse",
    "operatorhubio/kubeflow",
    "operatorhubio/sematext",
    "j0zi/sematext",
    "https://quay.io/application/certified-operators/sematext",
    "startx/mariadb",
    "metal3-io/mariadb",
    "nvlab/mariadb",
    "flysangel/mariadb",
    "aspenmesh/istio",
    "cybozu/vault",
    "alvaroaleman/vault",
    "giantswarm/vault",
    "coreos/etcd",
    "openshift-community-operators/etcd",
    "cybozu/etcd",
    "olmqe/etcd",
    "karbon/etcd",
    "widen/traefik",
    "internaldatahub/traefik",
    "truecharts/traefik",
    "sylr/traefik",
    "fivium/traefik",
    "procentive/traefik",
    "swsmirror/traefik",
    "rizoa/traefik",
    "testing-farm/traefik",
    "kube-ops/traefik",
    "ecasa/traefik",
    "errm/traefik",
    "marco_antonioni/yugabytedb",
    "gitpodified-workspace-images/yugabytedb",
    "helmoperators/cockroachdb",
    "operatorhubio/cockroachdb",
    "openshift-community-operators/cockroachdb",
    "community-operators-pipeline/cockroachdb",
    "openshift-community-operators/jaeger",
    "operatorhubio/jaeger",
    "travisez13/powershell",
    "redhatworkshops/powershell",
    "mczernek/powershell",
    "simplikube_ce/powershell",
    "simplikube_ee/powershell",
    "havoc/dds",
    "sisense/git",
    "sameersbn/gitlab",
    "sergey_gruntovsky/drupal",
    "fest-data-demo/hadoop",
    "yasmanygm/hadoop",
    "isaacueca/neo4j",
    "lbovet/neo4j",
    "jesusmartinezmendez3/neo4j",
    "sabzco/openldap",
    "ramonvanstijn/openldap",
    "kylecooley/openldap",
    "syndesis_qe/openldap",
    "feven/openldap",
    "nathan5508/openldap",
    "mwasher/openvpn",
    "scentbird/openvpn",
    "thekad/openvpn",
    "profects/openvpn",
    "diabol/openvpn",
    "line0562/openvpn",
    "anuj_sharma401/planview",
    "truecharts/postgresql",
    "opsmxpublic/rabbitmq",
    "redhat-aqe/rabbitmq",
    "devtron/redis",
    "truecharts/redis",
    "codefresh/redis",
    "rlex/sentry",
    "aptible/sentry",
    "vahidm/sentry",
    "centerforopenscience/sentry",
    "fmeneses/sentry",
    "openshift-unified-hybrid-cloud/sonarqube",
    "truecharts/sonarqube",
    "isms/sonarqube",
    "redhat-cop/sonarqube",
    "factory2/sonarqube",
    "truecharts/splunk",
    "mayadicamora/wordpress",
    "vijay_kumar24/wordpress",
    "bhagavan_basvani/wordpress",
    "codefresh/haproxy",
    "osism/haproxy",
    "alvaroaleman/haproxy",
    "opendatahub-contrib/spark",
    "crypto_dax/graphql",
    "biocontainers/scala",
    "dawnskyliu/log4j",
    "biocontainers/spring",
    "sachin_hegde/spring",
    "masoud_rahimi/react",
    "genilink/php",
    "aganzory/php",
    "cki/python",
    "openshift-pipeline/python",
    "smplatform/ruby",
    "genomenon/ruby",
    "lonewulf/varnish",
    "jacksoncage/varnish",
    "strathberry/varnish",
    "charts/datadog",
    "hazelcast_cloud/hazelcast",
    "14west/hazelcast",
    "sunsingerus/clickhouse",
    "kylecooley/minio",
    "sdase/minio",
    "truecharts/minio",
    "cloud-bulldozer/grafana",
    "tommytran732/synapse",
    "rickypai/synapse",
    "certified-operators/sematext",
    "truecharts/mariadb",
    "karbon/traefik",
    "radnmsdev/traefik",
    "waynesun09/traefik",
    "sisense/traefik",
    "operator_testing/cockroachdb",
    "powerdock/powershell",
    "flysangel/git"
  ],
  "C++|*": [
    "gcc"
  ],
  "Go": [
    "golang_linux"
  ],
  "HAProxy": [
    "haproxy",
    "jduimovich0/haproxy",
    "openstack.kolla/haproxy",
    "karmab/haproxy",
    "official-images/haproxy",
    "ceph/haproxy",
    "codefresh/haproxy",
    "osism/haproxy",
    "alvaroaleman/haproxy"
  ],
  "Apache HTTP Server": [
    "httpd"
  ],
  "Jenkins": [
    "jenkins",
    "h3nrique/jenkins",
    "cdis/jenkins",
    "hany_mostafa/jenkins",
    "flysangel/jenkins"
  ],
  "MarkLogic DB": [
    "marklogic"
  ],
  "Memcached": [
    "memcached",
    "jitesoft/memcached",
    "factory2/memcached",
    "exd-guild-distribution/memcached",
    "cybozu/memcached",
    "openstack.kolla/memcached",
    "genomenon/memcached",
    "redhat-aqe/memcached"
  ],
  "Java Runtime Environment (JRE)": [
    "java se jre_linux"
  ],
  "MS SQL Server|*": [
    "microsoft sql server"
  ],
  "MongoDB": [
    "mongo_linux"
  ],
  "MySQL": [
    "mysql",
    "openshifttest/mysql",
    "prsurve/mysql",
    "gauravkumar9130/mysql",
    "cybozu/mysql",
    "hazelcast_cloud/mysql",
    "operations/mysql"
  ],
  "Nginx": [
    "nginx",
    "nginx-proxy",
    "openshift-scale/nginx",
    "jitesoft/nginx",
    "cloud-bulldozer/nginx",
    "56401deb-7290-4d8b-8731-baf6d8b5d27d/nginx",
    "ocsci/nginx",
    "bedrock/nginx",
    "aptible/nginx",
    "testing-farm/nginx"
  ],
  "Node.js": [
    "node",
    "javascript-node.js"
  ],
  "PHP": [
    "php",
    "kissj/php",
    "startx/php",
    "api-platform/php",
    "official-images/php",
    "swsmirror/php",
    "genilink/php",
    "aganzory/php"
  ],
  "Python": [
    "python_linux",
    "python",
    "56401deb-7290-4d8b-8731-baf6d8b5d27d/python",
    "biocontainers/python",
    "agari/python",
    "cdis/python",
    "sctregistry/python",
    "mlrun/python",
    "cki/python",
    "openshift-pipeline/python"
  ],
  "RabbitMQ": [
    "rabbitmq",
    "56401deb-7290-4d8b-8731-baf6d8b5d27d/rabbitmq",
    "domino/rabbitmq",
    "sisense/rabbitmq",
    "scentbird/rabbitmq",
    "aptible/rabbitmq",
    "trackmaven/rabbitmq",
    "openstack.kolla/rabbitmq",
    "lbac/rabbitmq",
    "opsmxpublic/rabbitmq",
    "redhat-aqe/rabbitmq"
  ],
  "Redis": [
    "redis_linux",
    "redis",
    "sameersbn/redis",
    "56401deb-7290-4d8b-8731-baf6d8b5d27d/redis",
    "opstree/redis",
    "domino/redis",
    "quay/redis",
    "scentbird/redis",
    "crio/redis",
    "aptible/redis",
    "libpod/redis",
    "cloud-bulldozer/redis",
    "smile/redis",
    "devtron/redis",
    "truecharts/redis",
    "codefresh/redis"
  ],
  "Ruby": [
    "ruby",
    "56401deb-7290-4d8b-8731-baf6d8b5d27d/ruby",
    "aptible/ruby",
    "forem/ruby",
    "swsmirror/ruby",
    "openshifttest/ruby",
    "goodguide/ruby",
    "karthik_t/ruby",
    "springest/ruby",
    "smplatform/ruby",
    "genomenon/ruby"
  ],
  "Swift": [
    "swift"
  ],
  "Java|*": [
    "tomcat",
    "websphere-liberty",
    "websphere-traditional",
    "openjdk_linux",
    "java",
    "enxadahost/java",
    "tamr/java",
    "reishost/java"
  ],
  "Apache Tomcat": [
    "tomcat"
  ],
  "WebSphere Liberty": [
    "websphere-liberty"
  ],
  "Ansible": [
    "ansible",
    "ansible tower",
    "osbuild/ansible"
  ],
  "Apache Hive": [
    "hive"
  ],
  "Linux|Debian": [
    "kafka",
    "postgresql",
    "spark",
    "debian",
    "libpod/debian",
    "official-images/debian",
    "nvlab/debian"
  ],
  "Apache Kafka": [
    "kafka"
  ],
  "PostgreSQL": [
    "postgresql",
    "postgres",
    "56401deb-7290-4d8b-8731-baf6d8b5d27d/postgresql",
    "enterprisedb/postgresql",
    "aptible/postgresql",
    "operatorhubio/postgresql",
    "truecharts/postgresql"
  ],
  "Spark": [
    "spark",
    "56401deb-7290-4d8b-8731-baf6d8b5d27d/spark",
    "diem/spark",
    "domino/spark",
    "iguazio/spark",
    "cakkinep/spark",
    "opendatahub-contrib/spark"
  ],
  "Linux|Ubuntu": [
    "vmware-tools",
    "ubuntu",
    "libpod/ubuntu",
    "bedrock/ubuntu",
    "baselibrary/ubuntu",
    "tamr/ubuntu",
    "cybozu/ubuntu",
    "lifebitai/ubuntu"
  ],
  "VMware Tools": [
    "vmware-tools"
  ],
  "Fabric OS": [
    "fabric-ca"
  ],
  "DB2": [
    "db2",
    "quarkusqeteam/db2",
    "pjgg/db2",
    "rhoar_qe/db2",
    "luisarizmendi/db2"
  ],
  "IBM Websphere MQ": [
    "mq"
  ],
  "Websphere Application Server (WAS)": [
    "websphere-traditional"
  ],
  "JBoss|*": [
    "base"
  ],
  "JBoss|Wildfly": [
    "wildfly",
    "wildfly/wildfly",
    "56401deb-7290-4d8b-8731-baf6d8b5d27d/wildfly",
    "halconsole/wildfly",
    "operatorhubio/wildfly",
    "alousta_us/wildfly"
  ],
  "JavaScript|*": [
    "javascript-node.js",
    "vasistatest/javascript"
  ],
  "Objective C": [
    "objectivec-gcc"
  ],
  "Ingres": [
    "nginx-ingress"
  ],
  "Wherescape Red": [
    "node-red-docker"
  ],
  "SAS": [
    "sas",
    "domino/sas",
    "fahrettinc/sas",
    "appvia_hub_dev/sas"
  ],
  "Apache ActiveMQ": [
    "activemq"
  ],
  "Hadoop": [
    "hadoop-docker",
    "hadoop",
    "iguazio/hadoop",
    "flysangel/hadoop",
    "lalyos/hadoop",
    "coreos/hadoop",
    "falkonry/hadoop",
    "flokkr/hadoop",
    "mcapitanio/hadoop",
    "opaqnetworks/hadoop",
    "tamr/hadoop",
    "fest-data-demo/hadoop",
    "yasmanygm/hadoop"
  ],
  "Nexus Repository OSS": [
    "nexus3"
  ],
  "Splunk": [
    "splunk",
    "operatorhubio/splunk",
    "mariaelisacf/splunk",
    "truecharts/splunk"
  ],
  "IBM WebSphere Transformation Extender (WTX)": [
    "ibm transformation extender"
  ],
  "Perl|*": [
    "perl",
    "biocontainers/perl"
  ],
  "Apache Solr": [
    "solr"
  ],
  "IBM Operational Decision Manager (ODM)": [
    "odm"
  ],
  "Apache Cassandra": [
    "apache cassandra"
  ],
  "Asterisk": [
    "asterisk",
    "citybaseinc/asterisk",
    "jorti/asterisk",
    "mak73kur/asterisk",
    "gabibbo97/asterisk"
  ],
  "Drupal": [
    "drupal",
    "official-images/drupal",
    "swsmirror/drupal",
    "damagehead/drupal",
    "dockerlibrary/drupal",
    "dperez_mulet/drupal",
    "brunofar/drupal",
    "sergey_gruntovsky/drupal"
  ],
  "Elastic (ELK) Stack": [
    "elastic",
    "kmamgain/elastic",
    "yacis/elastic"
  ],
  "Genymotion": [
    "genymotion",
    "alaska/genymotion"
  ],
  "Neo4j": [
    "neo4j",
    "56401deb-7290-4d8b-8731-baf6d8b5d27d/neo4j",
    "thoba/neo4j",
    "modelgraphtools/neo4j",
    "ukhomeofficedigital/neo4j",
    "dockerlibrary/neo4j",
    "peoplepattern/neo4j",
    "cookbrite/neo4j",
    "frankyto2004/neo4j",
    "steveblackmon/neo4j",
    "openkilda/neo4j",
    "xavireds89/neo4j",
    "swsmirror/neo4j",
    "karmkarm/neo4j",
    "processtempo/neo4j",
    "amd64/neo4j",
    "isaacueca/neo4j",
    "lbovet/neo4j",
    "jesusmartinezmendez3/neo4j"
  ],
  "OpenVPN": [
    "openvpn",
    "kubermatic/openvpn",
    "plange/openvpn",
    "hypershift/openvpn",
    "digidentity/openvpn",
    "ukhomeofficedigital/openvpn",
    "konveyor/openvpn",
    "mwasher/openvpn",
    "scentbird/openvpn",
    "thekad/openvpn",
    "profects/openvpn",
    "diabol/openvpn",
    "line0562/openvpn"
  ],
  "Pentaho": [
    "pentaho",
    "hasni/pentaho",
    "pablo_lemosochandio/pentaho"
  ],
  "Remedy": [
    "remedy",
    "amosnl/remedy"
  ],
  "Riak": [
    "riak",
    "dotabuff/riak",
    "arschles/riak",
    "joukou/riak",
    "deis/riak",
    "01it/riak",
    "deisci/riak"
  ],
  "Sentry": [
    "sentry",
    "app-sre/sentry",
    "swsmirror/sentry",
    "dontpayfull/sentry",
    "zebbra/sentry",
    "kbrwn/sentry",
    "dockerlibrary/sentry",
    "3ofcoins/sentry",
    "baselibrary/sentry",
    "beatport/sentry",
    "playlab/sentry",
    "arastu/sentry",
    "maaaato/sentry",
    "rlex/sentry",
    "aptible/sentry",
    "vahidm/sentry",
    "centerforopenscience/sentry",
    "fmeneses/sentry"
  ],
  "SonarQube": [
    "sonarqube",
    "gpte-devops-automation/sonarqube",
    "56401deb-7290-4d8b-8731-baf6d8b5d27d/sonarqube",
    "andrexbass/sonarqube",
    "ukhomeofficedigital/sonarqube",
    "siamaksade/sonarqube",
    "ecerquei/sonarqube",
    "rcarrata/sonarqube",
    "an6eel/sonarqube",
    "ccee/sonarqube",
    "rocep/sonarqube",
    "bcgov/sonarqube",
    "evandenbeld/sonarqube",
    "redhatgov/sonarqube",
    "swsmirror/sonarqube",
    "appcontainers/sonarqube",
    "openshift-unified-hybrid-cloud/sonarqube",
    "truecharts/sonarqube",
    "isms/sonarqube",
    "redhat-cop/sonarqube",
    "factory2/sonarqube"
  ],
  "Sysinternal Tools|Whois": [
    "whois",
    "westonsteimel/whois"
  ],
  "Tableau": [
    "tableau",
    "growthstack/tableau"
  ],
  "Wordpress": [
    "wordpress",
    "redhattraining/wordpress",
    "56401deb-7290-4d8b-8731-baf6d8b5d27d/wordpress",
    "ashish11_ibm/wordpress",
    "uninett/wordpress",
    "cellosofia/wordpress",
    "redhattraining_dev/wordpress",
    "swsmirror/wordpress",
    "ibmcanada/wordpress",
    "curtistai/wordpress",
    "mayadicamora/wordpress",
    "vijay_kumar24/wordpress",
    "bhagavan_basvani/wordpress"
  ],
  "SQLite": [
    "sqlite",
    "fale/sqlite",
    "biocontainers/sqlite"
  ],
  "GlassFish": [
    "glassfish",
    "mohamedf0/glassfish"
  ],
  "Lucee": [
    "lucee",
    "daemonite/lucee"
  ],
  "AWK": [
    "awk",
    "shenglai/awk"
  ],
  "BASIC": [
    "basic",
    "biocontainers/basic"
  ],
  "Expect": [
    "expect",
    "baseimage/expect"
  ],
  "FOCUS": [
    "focus",
    "biocontainers/focus"
  ],
  "Fortran": [
    "fortran",
    "eriktrent/fortran"
  ],
  "GraphQL": [
    "graphql",
    "wasmoffload/graphql",
    "crypto_dax/graphql"
  ],
  "Groovy": [
    "groovy",
    "official-images/groovy",
    "swsmirror/groovy",
    "dockerlibrary/groovy"
  ],
  "JCL": [
    "jcl",
    "jclaret/jcl"
  ],
  "Scala": [
    "scala",
    "azavea/scala",
    "reviewtrackers/scala",
    "opaqnetworks/scala",
    "biocontainers/scala"
  ],
  "TypeScript": [
    "typescript",
    "ellerbrock/typescript",
    "omnijarstudio/typescript"
  ],
  "Java|Log4j": [
    "log4j",
    "crozzy/log4j",
    "dawnskyliu/log4j"
  ],
  "Java|Struts": [
    "struts",
    "arifulhuq/struts",
    "connorg/struts",
    "araalinetworks/struts"
  ],
  "JavaScript|AngularJS": [
    "angularjs",
    "amaljose/angularjs"
  ],
  "JavaScript|React": [
    "react",
    "profects/react",
    "masoud_rahimi/react"
  ],
  "Android": [
    "android",
    "bitriseio/android",
    "amal5alshaikh/android",
    "opaqnetworks/android",
    "logistio/android"
  ],
  "DART": [
    "dart",
    "biocontainers/dart",
    "spivegin/dart",
    "official-images/dart",
    "gitpodified-workspace-images/dart",
    "sustainable_computing_io/dart"
  ],
  "Linux|CentOS": [
    "centos",
    "containerdisks/centos",
    "openshifttest/centos",
    "startx/centos",
    "libpod/centos",
    "bedrock/centos",
    "nvlab/centos"
  ],
  "Linux|openSUSE": [
    "opensuse",
    "wstein/opensuse",
    "quay-qetest/opensuse",
    "ucomesdag/opensuse"
  ],
  "Unix|BSD|FreeBSD": [
    "freebsd",
    "uchida/freebsd"
  ],
  "Linux|Fedora": [
    "fedora",
    "containerdisks/fedora",
    "kubevirtci/fedora",
    "libpod/fedora",
    "startx/fedora",
    "openshifttest/fedora",
    "bedrock/fedora"
  ],
  "ActiveX|ADO": [
    "ado",
    "scottlezberg/ado"
  ],
  "Flash": [
    "flash",
    "biocontainers/flash",
    "logiq/flash",
    "refgenomics/flash",
    "kmhernan/flash",
    "staphb/flash"
  ],
  "Windows": [
    "windows",
    "mhallin/windows",
    "nickarellano/windows",
    "mgba/windows",
    "krvoora_ocm/windows"
  ],
  "instana": [
    "instana",
    "yaoyao/instana"
  ],
  "credstash": [
    "credstash",
    "safesoftware/credstash"
  ],
  "Snyk": [
    "snyk",
    "exd_infra_plts_cip/snyk"
  ],
  "Akka": [
    "akka",
    "j0zi/akka",
    "hasha/akka"
  ],
  "Varnish": [
    "varnish",
    "api-platform/varnish",
    "akretion/varnish",
    "airshipcms/varnish",
    "45air/varnish",
    "vektorcloud/varnish",
    "lonewulf/varnish",
    "jacksoncage/varnish",
    "strathberry/varnish"
  ],
  "Datadog": [
    "datadog",
    "blondie/datadog",
    "charts/datadog"
  ],
  "Hazelcast": [
    "hazelcast",
    "cdufresne/hazelcast",
    "noorul/hazelcast",
    "hazelcast_cloud/hazelcast",
    "14west/hazelcast"
  ],
  "Infinispan": [
    "infinispan",
    "operatorhubio/infinispan",
    "openshift-community-operators/infinispan",
    "ramgopireddy/infinispan",
    "operator_testing/infinispan"
  ],
  "Nuxeo": [
    "nuxeo",
    "dockerlibrary/nuxeo",
    "swsmirror/nuxeo",
    "borja/nuxeo"
  ],
  "ArangoDB": [
    "arangodb",
    "official-images/arangodb",
    "swsmirror/arangodb",
    "rh_integration/arangodb",
    "onet/arangodb",
    "dockerlibrary/arangodb",
    "vpavlin/arangodb",
    "insightpool/arangodb"
  ],
  "ClickHouse": [
    "clickhouse",
    "operatorhubio/clickhouse",
    "truecharts/clickhouse",
    "binarysoftware/clickhouse",
    "excoin/clickhouse",
    "iyuroch/clickhouse",
    "https://quay.io/application/sunsingerus/clickhouse",
    "sunsingerus/clickhouse"
  ],
  "MinIO": [
    "minio",
    "cloudservices/minio",
    "artisan/minio",
    "devtron/minio",
    "uninett/minio",
    "riotkit/minio",
    "nird-toolkit/minio",
    "kubevirt/minio",
    "stackstate/minio",
    "ricardbejarano/minio",
    "wakaba/minio",
    "deisci/minio",
    "anuta/minio",
    "kylecooley/minio",
    "sdase/minio",
    "truecharts/minio"
  ],
  "Elasticsearch": [
    "elasticsearch",
    "fluentd_elasticsearch/elasticsearch",
    "crowdworks/elasticsearch",
    "trackmaven/elasticsearch",
    "centerforopenscience/elasticsearch",
    "agari/elasticsearch",
    "openshifttest/elasticsearch",
    "karbon/elasticsearch",
    "stackstate/elasticsearch"
  ],
  "Keycloak": [
    "keycloak",
    "arrowhacks/keycloak",
    "ukhomeofficedigital/keycloak"
  ],
  "Grafana": [
    "grafana",
    "tamr/grafana",
    "opencloudio/grafana",
    "cybozu/grafana",
    "testing-farm/grafana",
    "sisense/grafana",
    "devtron/grafana",
    "cloud-bulldozer/grafana"
  ],
  "Mattermost": [
    "mattermost",
    "jostone/mattermost",
    "fodoj/mattermost",
    "jasl8r/mattermost",
    "truecharts/mattermost",
    "goern/mattermost",
    "ukhomeofficedigital/mattermost",
    "ecasa/mattermost"
  ],
  "Synapse": [
    "synapse",
    "dockernohub/synapse",
    "jostone/synapse",
    "truecharts/synapse",
    "snapserv/synapse",
    "opentelekomcloud/synapse",
    "tommytran732/synapse",
    "rickypai/synapse"
  ],
  "Kubeflow": [
    "kubeflow",
    "operatorhubio/kubeflow"
  ],
  "Sematext": [
    "sematext",
    "operatorhubio/sematext",
    "j0zi/sematext",
    "https://quay.io/application/certified-operators/sematext",
    "certified-operators/sematext"
  ],
  "MariaDB": [
    "mariadb",
    "startx/mariadb",
    "metal3-io/mariadb",
    "nvlab/mariadb",
    "flysangel/mariadb",
    "truecharts/mariadb"
  ],
  "Istio": [
    "istio",
    "aspenmesh/istio"
  ],
  "Vault": [
    "vault",
    "cybozu/vault",
    "alvaroaleman/vault",
    "giantswarm/vault"
  ],
  "etcd": [
    "etcd",
    "coreos/etcd",
    "openshift-community-operators/etcd",
    "cybozu/etcd",
    "olmqe/etcd",
    "karbon/etcd"
  ],
  "Traefik": [
    "traefik",
    "widen/traefik",
    "internaldatahub/traefik",
    "truecharts/traefik",
    "sylr/traefik",
    "fivium/traefik",
    "procentive/traefik",
    "swsmirror/traefik",
    "rizoa/traefik",
    "testing-farm/traefik",
    "kube-ops/traefik",
    "ecasa/traefik",
    "errm/traefik",
    "karbon/traefik",
    "radnmsdev/traefik",
    "waynesun09/traefik",
    "sisense/traefik"
  ],
  "YugabyteDB": [
    "yugabytedb",
    "marco_antonioni/yugabytedb",
    "gitpodified-workspace-images/yugabytedb"
  ],
  "CockroachDB": [
    "cockroachdb",
    "helmoperators/cockroachdb",
    "operatorhubio/cockroachdb",
    "openshift-community-operators/cockroachdb",
    "community-operators-pipeline/cockroachdb",
    "operator_testing/cockroachdb"
  ],
  "Jaeger": [
    "jaeger",
    "openshift-community-operators/jaeger",
    "operatorhubio/jaeger"
  ],
  "Powershell": [
    "powershell",
    "travisez13/powershell",
    "redhatworkshops/powershell",
    "mczernek/powershell",
    "simplikube_ce/powershell",
    "simplikube_ee/powershell",
    "powerdock/powershell"
  ],
  "DDS": [
    "dds",
    "havoc/dds"
  ],
  "Git": [
    "git",
    "sisense/git",
    "flysangel/git"
  ],
  "GitLab": [
    "gitlab",
    "sameersbn/gitlab"
  ],
  "Planview": [
    "anuj_sharma401/planview"
  ],
  "Java|Spring": [
    "biocontainers/spring",
    "sachin_hegde/spring"
  ]
}