{
  "Version": "1.0.4",
  "Linux": [
    "Apache Spark Operator",
    "Banzai Cloud Kafka Operator",
    "Camel K Operator",
    "GrdsCloud MySQL for Kubernetes",
    "Hive for Red Hat OpenShift",
    "IBM Spectrum Scale CSI Plugin Operator",
    "Jenkins Operator",
    "Postgresql Operator",
    "Redis Operator",
    "WildFly",
    "MongoDB Enterprise Operator",
    "Instana Agent Operator",
    "credstash-operator",
    "Snyk Operator",
    "Akka Cluster Operator",
    "Varnish Operator",
    "Datadog Operator",
    "Hazelcast Enterprise Operator",
    "infinispan",
    "Nuxeo Operator",
    "ArangoDB",
    "Eclipse Che",
    "AWS S3 Operator",
    "Altinity ClickHouse Operator",
    "MinIO Operator",
    "Elastic Cloud on Kubernetes",
    "Percona XtraDB Cluster Operator",
    "Keycloak Operator",
    "Grafana Operator",
    "Mattermost Operator",
    "synapse-helm",
    "IBM Cloud IAM Operator",
    "Knative Operator",
    "Cassandra",
    "Kubeflow",
    "Openshift Qiskit Operator",
    "Azure Service Operator",
    "Strimzi",
    "Sematext Operator",
    "Eclipse Hawkbit",
    "Eclipse Ditto",
    "Mariadb Operator",
    "Zadara Operator",
    "Istio",
    "Vault Helm",
    "druid-operator",
    "etcd",
    "Traefikee Operator",
    "IBM Cloud Operator",
    "Yugabyte Operator",
    "CockroachDB",
    "Community Jaeger Operator",
    "strimzi",
    "eclipse ditto",
    "eclipse hawkbit",
    "iot simulator",
    "elasticsearch (eck) operator",
    "elasticsearch phenix operator",
    "nuxeo operator",
    "logging operator",
    "aws controllers for kubernetes - amazon elasticache",
    "elasticsearch index operator",
    "prometheus exporter operator",
    "kong operator",
    "kong gateway operator",
    "jenkins operator",
    "mongodb enterprise operator",
    "mongodb operator",
    "mongodb atlas operator",
    "percona distribution for mongodb operator",
    "grdscloud mysql for kubernetes",
    "percona distribution for mysql operator",
    "planetscale operator for vitess",
    "postgresql operator",
    "percona operator for postgresql",
    "postgresql operator by dev4ddevs.com",
    "crunchy postgres for kubernetes",
    "edb postgres for kubernetes",
    "postgres-operator",
    "ext postgres operator",
    "robin cloud native storage",
    "rabbitmq-cluster-operator",
    "rabbitmq-messaging-topology-operator",
    "rabbitmq-single-active-consumer-operator",
    "redis operator",
    "redis enterprise",
    "splunk operator",
    "encrypted images key syncer helm operator",
    "joget dx on apache tomcat",
    "apicast",
    "spark operator",
    "apache spark operator",
    "kubestone",
    "flink kubernetes operator",
    "alvearie imaging ingestion operator",
    "datastax kubernetes operator for apache cassandra",
    "qserv operator",
    "keycloak operator",
    "prometheus operator",
    "knative operator",
    "rook-ceph",
    "starboard operator",
    "tidb operator",
    "argo cd",
    "altinity operator for clickhouse",
    "grafana operator",
    "kubeflow",
    "rocketmq operator",
    "storageos",
    "flux",
    "lightbend console operator",
    "external secrets operator",
    "intel device plugins operator",
    "silicom-sts-operator",
    "api operator for kubernetes",
    "azure service operator",
    "keda",
    "wso2 api manager operator for kubernetes",
    "aws controllers for kubernetes - amazon api gateway v2",
    "aws controllers for kubernetes - amazon application auto scaling",
    "aws controllers for kubernetes - amazon dynamodb",
    "aws controllers for kubernetes - amazon ec2",
    "aws controllers for kubernetes - amazon ecr",
    "aws controllers for kubernetes - amazon eks",
    "aws controllers for kubernetes - amazon emr on eks",
    "aws controllers for kubernetes - amazon iam",
    "aws controllers for kubernetes - amazon kms",
    "aws controllers for kubernetes - amazon lambda",
    "aws controllers for kubernetes - amazon mq",
    "aws controllers for kubernetes - amazon opensearch service",
    "aws controllers for kubernetes - amazon prometheus",
    "aws controllers for kubernetes - amazon rds",
    "aws controllers for kubernetes - amazon s3",
    "falco operator",
    "kubemq enterprise operator",
    "aws s3 operator",
    "arangodb",
    "gitlab",
    "gitlab runner",
    "nfd-operator",
    "appsody operator",
    "runtime component operator",
    "camel k operator",
    "open liberty operator",
    "kogito",
    "wildfly",
    "submariner",
    "traefikee operator",
    "upbound universal crossplane (uxp)",
    "beegfs csi driver",
    "cluster-impairment-operator",
    "kogito knative eventing source",
    "k8gb",
    "kubernetes nmstate operator",
    "external load-balancer configuration operator",
    "marin3r",
    "metallb operator",
    "multi-nic-cni-operator",
    "netobserv operator",
    "neuvector operator",
    "network service mesh operator",
    "prisma cloud compute operator",
    "nexus operator",
    "anchore engine operator",
    "carbonetes operator",
    "atlasmap operator",
    "cryostat operator",
    "instana agent operator",
    "snyk operator",
    "akka cluster operator",
    "datadog operator",
    "hazelcast platform operator",
    "infinispan operator",
    "minio operator",
    "mattermost operator",
    "yaks operator",
    "sematext operator",
    "mariadb operator",
    "zadara operator",
    "istio",
    "istio workspace",
    "kiali operator",
    "vault operator",
    "vault helm",
    "yugabyte operator",
    "cockroachdb",
    "community jaeger operator",
    "ks-releaser",
    "argo cd operator (helm)",
    "multicluster subscription operator",
    "weave gitops terraform controller"
  ],
  "Java|*": [
    "Apache Spark Operator",
    "atlasmap operator",
    "cryostat operator"
  ],
  "Spark": [
    "Apache Spark Operator",
    "spark operator",
    "apache spark operator",
    "kubestone"
  ],
  "Go": [
    "Banzai Cloud Kafka Operator",
    "Camel K Operator",
    "Hive for Red Hat OpenShift",
    "IBM Spectrum Scale CSI Plugin Operator",
    "Jenkins Operator",
    "Redis Operator",
    "WildFly",
    "external secrets operator",
    "intel device plugins operator",
    "silicom-sts-operator"
  ],
  "Apache Kafka": [
    "Banzai Cloud Kafka Operator",
    "strimzi"
  ],
  "Java|Apache Camel": [
    "Camel K Operator",
    "camel k operator"
  ],
  "MySQL": [
    "GrdsCloud MySQL for Kubernetes",
    "grdscloud mysql for kubernetes",
    "percona distribution for mysql operator",
    "planetscale operator for vitess"
  ],
  "Apache Hive": [
    "Hive for Red Hat OpenShift"
  ],
  "IBM Spectrum Scale": [
    "IBM Spectrum Scale CSI Plugin Operator"
  ],
  "Jenkins": [
    "Jenkins Operator",
    "jenkins operator"
  ],
  "PostgreSQL": [
    "Postgresql Operator",
    "postgresql operator",
    "percona operator for postgresql",
    "postgresql operator by dev4ddevs.com",
    "crunchy postgres for kubernetes",
    "edb postgres for kubernetes",
    "postgres-operator",
    "ext postgres operator",
    "robin cloud native storage"
  ],
  "Redis": [
    "Redis Operator",
    "redis operator",
    "redis enterprise"
  ],
  "JBoss|Wildfly": [
    "WildFly",
    "wildfly"
  ],
  "MongoDB": [
    "MongoDB Enterprise Operator",
    "mongodb enterprise operator",
    "mongodb operator",
    "mongodb atlas operator",
    "percona distribution for mongodb operator"
  ],
  "instana": [
    "Instana Agent Operator",
    "instana agent operator"
  ],
  "credstash": [
    "credstash-operator"
  ],
  "Snyk": [
    "Snyk Operator",
    "snyk operator"
  ],
  "Akka": [
    "Akka Cluster Operator",
    "akka cluster operator"
  ],
  "Varnish": [
    "Varnish Operator"
  ],
  "Datadog": [
    "Datadog Operator",
    "datadog operator"
  ],
  "Hazelcast": [
    "Hazelcast Enterprise Operator",
    "hazelcast platform operator"
  ],
  "Infinispan": [
    "infinispan",
    "infinispan operator"
  ],
  "Nuxeo": [
    "Nuxeo Operator"
  ],
  "ArangoDB": [
    "ArangoDB"
  ],
  "Eclipse|Eclipse Che": [
    "Eclipse Che"
  ],
  "Amazon S3": [
    "AWS S3 Operator"
  ],
  "ClickHouse": [
    "Altinity ClickHouse Operator"
  ],
  "MinIO": [
    "MinIO Operator",
    "minio operator"
  ],
  "Elasticsearch": [
    "Elastic Cloud on Kubernetes"
  ],
  "XtraDB": [
    "Percona XtraDB Cluster Operator"
  ],
  "Keycloak": [
    "Keycloak Operator"
  ],
  "Grafana": [
    "Grafana Operator"
  ],
  "Mattermost": [
    "Mattermost Operator",
    "mattermost operator"
  ],
  "Synapse": [
    "synapse-helm"
  ],
  "Cloud IAM": [
    "IBM Cloud IAM Operator"
  ],
  "Knative": [
    "Knative Operator",
    "yaks operator"
  ],
  "Apache Cassandra": [
    "Cassandra"
  ],
  "Kubeflow": [
    "Kubeflow"
  ],
  "Qiskit": [
    "Openshift Qiskit Operator"
  ],
  "Microsoft Azure": [
    "Azure Service Operator"
  ],
  "Strimzi": [
    "Strimzi"
  ],
  "Sematext": [
    "Sematext Operator",
    "sematext operator"
  ],
  "Eclipse|Eclipse hawkBit": [
    "Eclipse Hawkbit"
  ],
  "Eclipse|Eclipse Ditto": [
    "Eclipse Ditto"
  ],
  "MariaDB": [
    "Mariadb Operator",
    "mariadb operator"
  ],
  "Zadara": [
    "Zadara Operator",
    "zadara operator"
  ],
  "Istio": [
    "Istio",
    "istio",
    "istio workspace",
    "kiali operator"
  ],
  "Vault": [
    "Vault Helm",
    "vault operator",
    "vault helm"
  ],
  "Apache Druid": [
    "druid-operator"
  ],
  "etcd": [
    "etcd"
  ],
  "Traefik": [
    "Traefikee Operator"
  ],
  "IBM Cloud": [
    "IBM Cloud Operator"
  ],
  "YugabyteDB": [
    "Yugabyte Operator",
    "yugabyte operator"
  ],
  "CockroachDB": [
    "CockroachDB",
    "cockroachdb"
  ],
  "Jaeger": [
    "Community Jaeger Operator",
    "community jaeger operator"
  ],
  "Eclipse|*": [
    "eclipse ditto",
    "eclipse hawkbit",
    "iot simulator"
  ],
  "Elastic (ELK) Stack": [
    "elasticsearch (eck) operator",
    "elasticsearch phenix operator",
    "nuxeo operator",
    "logging operator",
    "aws controllers for kubernetes - amazon elasticache",
    "elasticsearch index operator",
    "prometheus exporter operator"
  ],
  "Ingres": [
    "kong operator",
    "kong gateway operator"
  ],
  "RabbitMQ": [
    "rabbitmq-cluster-operator",
    "rabbitmq-messaging-topology-operator",
    "rabbitmq-single-active-consumer-operator"
  ],
  "Splunk": [
    "splunk operator"
  ],
  "Sysinternal Tools|Sync": [
    "encrypted images key syncer helm operator"
  ],
  "Apache Tomcat": [
    "joget dx on apache tomcat"
  ],
  "Nginx": [
    "apicast"
  ],
  "BASIC": [
    "flink kubernetes operator"
  ],
  "C": [
    "alvearie imaging ingestion operator",
    "datastax kubernetes operator for apache cassandra",
    "qserv operator",
    "keycloak operator",
    "prometheus operator",
    "knative operator",
    "rook-ceph",
    "starboard operator",
    "tidb operator",
    "argo cd",
    "altinity operator for clickhouse",
    "grafana operator",
    "kubeflow",
    "rocketmq operator",
    "storageos",
    "flux"
  ],
  "C++|Visual C++": [
    "lightbend console operator"
  ],
  "PRO*C": [
    "api operator for kubernetes",
    "azure service operator",
    "keda",
    "wso2 api manager operator for kubernetes",
    "aws controllers for kubernetes - amazon api gateway v2",
    "aws controllers for kubernetes - amazon application auto scaling",
    "aws controllers for kubernetes - amazon dynamodb",
    "aws controllers for kubernetes - amazon ec2",
    "aws controllers for kubernetes - amazon ecr",
    "aws controllers for kubernetes - amazon eks",
    "aws controllers for kubernetes - amazon emr on eks",
    "aws controllers for kubernetes - amazon iam",
    "aws controllers for kubernetes - amazon kms",
    "aws controllers for kubernetes - amazon lambda",
    "aws controllers for kubernetes - amazon mq",
    "aws controllers for kubernetes - amazon opensearch service",
    "aws controllers for kubernetes - amazon prometheus",
    "aws controllers for kubernetes - amazon rds",
    "aws controllers for kubernetes - amazon s3"
  ],
  "R": [
    "falco operator",
    "kubemq enterprise operator",
    "aws s3 operator",
    "arangodb"
  ],
  "SAS": [
    "gitlab",
    "gitlab runner"
  ],
  "Scala": [
    "nfd-operator"
  ],
  "Swift": [
    "appsody operator",
    "runtime component operator"
  ],
  "Java|Spring": [
    "open liberty operator",
    "kogito"
  ],
  "IBM i": [
    "varnish operator",
    "composable",
    "ibm cos bucket operator",
    "event streams topic",
    "hybrid application model operator",
    "ibm application gateway operator",
    "ibm block storage csi driver operator",
    "ibm cloud iam operator",
    "ibm cloud operator",
    "ibm quantum operator",
    "ibm security verify access operator",
    "ibm spectrum scale csi plugin operator",
    "qiskitplayground"
  ],
  ".NET Framework|*": [
    "submariner",
    "traefikee operator",
    "upbound universal crossplane (uxp)",
    "beegfs csi driver",
    "cluster-impairment-operator",
    "kogito knative eventing source",
    "k8gb",
    "kubernetes nmstate operator",
    "external load-balancer configuration operator",
    "marin3r",
    "metallb operator",
    "multi-nic-cni-operator",
    "netobserv operator",
    "neuvector operator",
    "network service mesh operator",
    "prisma cloud compute operator"
  ],
  "Docker": [
    "nexus operator",
    "anchore engine operator",
    "carbonetes operator"
  ],
  "Git": [
    "ks-releaser",
    "argo cd operator (helm)",
    "multicluster subscription operator",
    "weave gitops terraform controller"
  ]
}