{
  "KG Version": "1.0.4",
  ".NET Framework|*": [
    {
      "Parent Type": "OS",
      "Parent Class": "Windows",
      "Child Type": "Runtime"
    }
  ],
  "Active Directory (AD)": [
    {
      "Parent Type": "OS",
      "Parent Class": "Windows",
      "Child Type": "Runtime"
    }
  ],
  "Active Server Pages (ASP)": [
    {
      "Parent Type": "OS",
      "Parent Class": "Windows",
      "Child Type": "Runtime"
    }
  ],
  "ActiveX|*": [
    {
      "Parent Type": "OS",
      "Parent Class": "Windows",
      "Child Type": "Runtime"
    }
  ],
  "Apache Cordova": [
    {
      "Parent Type": "OS",
      "Parent Class": "Windows",
      "Child Type": "Runtime"
    }
  ],
  "CICS": [
    {
      "Parent Type": "OS",
      "Parent Class": "z/VSE",
      "Child Type": "Runtime"
    }
  ],
  "Docker": [
    {
      "Parent Type": "OS",
      "Parent Class": "Windows",
      "Child Type": "Runtime"
    }
  ],
  "Flash": [
    {
      "Parent Type": "OS",
      "Parent Class": "Windows",
      "Child Type": "Runtime"
    }
  ],
  "HTTP File Server": [
    {
      "Parent Type": "OS",
      "Parent Class": "Windows",
      "Child Type": "Runtime"
    }
  ],
  "Node.js": [
    {
      "Parent Type": "OS",
      "Parent Class": "Windows",
      "Child Type": "Runtime"
    }
  ],
  "Ruby on Rails": [
    {
      "Parent Type": "OS",
      "Parent Class": "Windows",
      "Child Type": "Runtime"
    }
  ],
  "IIS|Application Request Routing (ARR)": [
    {
      "Parent Type": "App Server",
      "Parent Class": "IIS|*",
      "Child Type": "Runlib"
    }
  ],
  "IIS|Easy Migration Tool (IEMT)": [
    {
      "Parent Type": "App Server",
      "Parent Class": "IIS|*",
      "Child Type": "Runlib"
    }
  ],
  "IIS|IIS Manager": [
    {
      "Parent Type": "App Server",
      "Parent Class": "IIS|*",
      "Child Type": "Runlib"
    }
  ],
  "JBoss|JBoss Seam": [
    {
      "Parent Type": "App Server",
      "Parent Class": "JBoss|*",
      "Child Type": "Runlib"
    }
  ],
  "Oracle Application Server|Oracle Transparent Gateway": [
    {
      "Parent Type": "App Server",
      "Parent Class": "Oracle Application Server|*",
      "Child Type": "Runlib"
    }
  ],
  "Oracle WebCenter Content Server|Idoc Script": [
    {
      "Parent Type": "App Server",
      "Parent Class": "Oracle WebCenter Content Server|*",
      "Child Type": "Runlib"
    }
  ],
  "SAP NetWeaver App Server|ABAP": [
    {
      "Parent Type": "App Server",
      "Parent Class": "SAP NetWeaver App Server|*",
      "Child Type": "Runlib"
    }
  ],
  ".NET Framework|Common Runtime Library": [
    {
      "Parent Type": "Runtime",
      "Parent Class": ".NET Framework|*",
      "Child Type": "Runlib"
    }
  ],
  ".NET Framework|log4net": [
    {
      "Parent Type": "Runtime",
      "Parent Class": ".NET Framework|*",
      "Child Type": "Runlib"
    }
  ],
  ".NET Framework|Magick.NET": [
    {
      "Parent Type": "Runtime",
      "Parent Class": ".NET Framework|*",
      "Child Type": "Runlib"
    }
  ],
  ".NET Framework|Windows Communication Foundation (WCF)": [
    {
      "Parent Type": "Runtime",
      "Parent Class": ".NET Framework|*",
      "Child Type": "Runlib"
    }
  ],
  ".NET Framework|Windows Workflow Foundation (WF)": [
    {
      "Parent Type": "Runtime",
      "Parent Class": ".NET Framework|*",
      "Child Type": "Runlib"
    }
  ],
  ".NET Framework|WinForms": [
    {
      "Parent Type": "Runtime",
      "Parent Class": ".NET Framework|*",
      "Child Type": "Runlib"
    }
  ],
  "ActiveX|ADO": [
    {
      "Parent Type": "Runtime",
      "Parent Class": "ActiveX|*",
      "Child Type": "Runlib"
    }
  ],
  "Clarify|Clear Basic": [
    {
      "Parent Type": "App",
      "Parent Class": "Clarify|*",
      "Child Type": "Plugin"
    }
  ],
  "Eclipse|ATLAS Transformation Language (ATL)": [
    {
      "Parent Type": "App",
      "Parent Class": "Eclipse|*",
      "Child Type": "Plugin"
    }
  ],
  "IBM BigFix Platform|Client Deploy Tool": [
    {
      "Parent Type": "App",
      "Parent Class": "IBM BigFix Platform|*",
      "Child Type": "Plugin"
    }
  ],
  "IBM Integration Bus|Extended Structured Query Language (ESQL)": [
    {
      "Parent Type": "App",
      "Parent Class": "IBM Integration Bus|*",
      "Child Type": "Plugin"
    }
  ],
  "IBM Tivoli Asset Management|Asset Discovery for Distributed": [
    {
      "Parent Type": "App",
      "Parent Class": "IBM Tivoli Asset Management|*",
      "Child Type": "Plugin"
    }
  ],
  "IBM Tivoli Storage Manager|TSM API": [
    {
      "Parent Type": "App",
      "Parent Class": "IBM Tivoli Storage Manager|*",
      "Child Type": "Plugin"
    }
  ],
  "IBM Tivoli Storage Manager|TSM Client": [
    {
      "Parent Type": "App",
      "Parent Class": "IBM Tivoli Storage Manager|*",
      "Child Type": "Plugin"
    }
  ],
  "IBM Tivoli Storage Manager|TSM Storage Agent": [
    {
      "Parent Type": "App",
      "Parent Class": "IBM Tivoli Storage Manager|*",
      "Child Type": "Plugin"
    }
  ],
  "IBM Tivoli Storage Manager|VSS Requestor": [
    {
      "Parent Type": "App",
      "Parent Class": "IBM Tivoli Storage Manager|*",
      "Child Type": "Plugin"
    }
  ],
  "Microsoft Exchange Server|Veeam Explorer": [
    {
      "Parent Type": "App",
      "Parent Class": "Microsoft Exchange Server|*",
      "Child Type": "Plugin"
    }
  ],
  "MS SQL Server|Data Transformation Services": [
    {
      "Parent Type": "App",
      "Parent Class": "MS SQL Server|*",
      "Child Type": "Plugin"
    }
  ],
  "MS SQL Server|Log Reader Agent": [
    {
      "Parent Type": "App",
      "Parent Class": "MS SQL Server|*",
      "Child Type": "Plugin"
    }
  ],
  "MS SQL Server|SQL Server Analysis Services (SSAS)": [
    {
      "Parent Type": "App",
      "Parent Class": "MS SQL Server|*",
      "Child Type": "Plugin"
    }
  ],
  "MS SQL Server|SQL Server Database Engine": [
    {
      "Parent Type": "App",
      "Parent Class": "MS SQL Server|*",
      "Child Type": "Plugin"
    }
  ],
  "MS SQL Server|SQL Server Integration Services (SSIS)": [
    {
      "Parent Type": "App",
      "Parent Class": "MS SQL Server|*",
      "Child Type": "Plugin"
    }
  ],
  "MS SQL Server|SQL Server Management Studio": [
    {
      "Parent Type": "App",
      "Parent Class": "MS SQL Server|*",
      "Child Type": "Plugin"
    }
  ],
  "MS SQL Server|SQL Server Reporting Services (SSRS)": [
    {
      "Parent Type": "App",
      "Parent Class": "MS SQL Server|*",
      "Child Type": "Plugin"
    }
  ],
  "MS SQL Server|MS SQL Server Browser": [
    {
      "Parent Type": "App",
      "Parent Class": "MS SQL Server|*",
      "Child Type": "Plugin"
    }
  ],
  "MS SQL Server|SQL Server Report Builder": [
    {
      "Parent Type": "App",
      "Parent Class": "MS SQL Server|*",
      "Child Type": "Plugin"
    }
  ],
  "Oracle Database|Jserver": [
    {
      "Parent Type": "App",
      "Parent Class": "Oracle Database|*",
      "Child Type": "Plugin"
    }
  ],
  "Oracle Database|Oracle Spatial and Graph": [
    {
      "Parent Type": "App",
      "Parent Class": "Oracle Database|*",
      "Child Type": "Plugin"
    }
  ],
  "Oracle Database|SQL*Plus": [
    {
      "Parent Type": "App",
      "Parent Class": "Oracle Database|*",
      "Child Type": "Plugin"
    }
  ],
  "SAP ERP|SAP EHP": [
    {
      "Parent Type": "App",
      "Parent Class": "SAP ERP|*",
      "Child Type": "Plugin"
    }
  ],
  "SAP ERP|SAP Kernel": [
    {
      "Parent Type": "App",
      "Parent Class": "SAP ERP|*",
      "Child Type": "Plugin"
    }
  ],
  "Sybase SQL Server|Sybase Central": [
    {
      "Parent Type": "App",
      "Parent Class": "Sybase SQL Server|*",
      "Child Type": "Plugin"
    }
  ],
  "Sybase SQL Server|Sybase Dsedit": [
    {
      "Parent Type": "App",
      "Parent Class": "Sybase SQL Server|*",
      "Child Type": "Plugin"
    }
  ],
  "TIBCO Business Works (BW)|Integration Manager": [
    {
      "Parent Type": "App",
      "Parent Class": "TIBCO Business Works (BW)|*",
      "Child Type": "Plugin"
    }
  ],
  "Apache Lucene": [
    {
      "Parent Type": "Lang",
      "Parent Class": "Ruby",
      "Child Type": "Lib"
    }
  ],
  "Apache Xerces": [
    {
      "Parent Type": "Lang",
      "Parent Class": "Perl|*",
      "Child Type": "Lib"
    }
  ],
  "Cascading Style Sheets (CSS)|Bootstrap": [
    {
      "Parent Type": "Lang",
      "Parent Class": "Cascading Style Sheets (CSS)|*",
      "Child Type": "Lib"
    }
  ],
  "Java|Apache Camel": [
    {
      "Parent Type": "Lang",
      "Parent Class": "Java|*",
      "Child Type": "Lib"
    }
  ],
  "Java|Apache Commons BeanUtils": [
    {
      "Parent Type": "Lang",
      "Parent Class": "Java|*",
      "Child Type": "Lib"
    }
  ],
  "Java|Apache PDFBox": [
    {
      "Parent Type": "Lang",
      "Parent Class": "Java|*",
      "Child Type": "Lib"
    }
  ],
  "Java|Apache Velocity": [
    {
      "Parent Type": "Lang",
      "Parent Class": "Java|*",
      "Child Type": "Lib"
    }
  ],
  "Java|EclipseLink": [
    {
      "Parent Type": "Lang",
      "Parent Class": "Java|*",
      "Child Type": "Lib"
    }
  ],
  "Java|Enterprise JavaBeans (EJB)": [
    {
      "Parent Type": "Lang",
      "Parent Class": "Java|*",
      "Child Type": "Lib"
    }
  ],
  "Java|EZMorph": [
    {
      "Parent Type": "Lang",
      "Parent Class": "Java|*",
      "Child Type": "Lib"
    }
  ],
  "Java|Google Web Toolkit (GWT)": [
    {
      "Parent Type": "Lang",
      "Parent Class": "Java|*",
      "Child Type": "Lib"
    }
  ],
  "Java|Hibernate": [
    {
      "Parent Type": "Lang",
      "Parent Class": "Java|*",
      "Child Type": "Lib"
    }
  ],
  "Java|IBM SDK": [
    {
      "Parent Type": "Lang",
      "Parent Class": "Java|*",
      "Child Type": "Lib"
    }
  ],
  "Java|Java Development Kit (JDK)": [
    {
      "Parent Type": "Lang",
      "Parent Class": "Java|*",
      "Child Type": "Lib"
    }
  ],
  "Java|Java Message Service (JMS)": [
    {
      "Parent Type": "Lang",
      "Parent Class": "Java|*",
      "Child Type": "Lib"
    }
  ],
  "Java|Java Web Start": [
    {
      "Parent Type": "Lang",
      "Parent Class": "Java|*",
      "Child Type": "Lib"
    }
  ],
  "Java|JavaServer Faces (JSF)": [
    {
      "Parent Type": "Lang",
      "Parent Class": "Java|*",
      "Child Type": "Lib"
    }
  ],
  "Java|JDBC": [
    {
      "Parent Type": "Lang",
      "Parent Class": "Java|*",
      "Child Type": "Lib"
    }
  ],
  "Java|JRuby Core": [
    {
      "Parent Type": "Lang",
      "Parent Class": "Java|*",
      "Child Type": "Lib"
    }
  ],
  "Java|Log4j": [
    {
      "Parent Type": "Lang",
      "Parent Class": "Java|*",
      "Child Type": "Lib"
    }
  ],
  "Java|Quartz": [
    {
      "Parent Type": "Lang",
      "Parent Class": "Java|*",
      "Child Type": "Lib"
    }
  ],
  "Java|Remote Method Invocation (RMI)": [
    {
      "Parent Type": "Lang",
      "Parent Class": "Java|*",
      "Child Type": "Lib"
    }
  ],
  "Java|Servlet": [
    {
      "Parent Type": "Lang",
      "Parent Class": "Java|*",
      "Child Type": "Lib"
    }
  ],
  "Java|Spring": [
    {
      "Parent Type": "Lang",
      "Parent Class": "Java|*",
      "Child Type": "Lib"
    }
  ],
  "Java|Spring|Spring Boot": [
    {
      "Parent Type": "Lang",
      "Parent Class": "Java|*",
      "Child Type": "Lib"
    }
  ],
  "Java|Spring|Spring Cloud Data Flow": [
    {
      "Parent Type": "Lang",
      "Parent Class": "Java|*",
      "Child Type": "Lib"
    }
  ],
  "Java|Spring|Spring MVC": [
    {
      "Parent Type": "Lang",
      "Parent Class": "Java|*",
      "Child Type": "Lib"
    }
  ],
  "Java|Struts": [
    {
      "Parent Type": "Lang",
      "Parent Class": "Java|*",
      "Child Type": "Lib"
    }
  ],
  "Java|Swing": [
    {
      "Parent Type": "Lang",
      "Parent Class": "Java|*",
      "Child Type": "Lib"
    }
  ],
  "Java|Vaadin": [
    {
      "Parent Type": "Lang",
      "Parent Class": "Java|*",
      "Child Type": "Lib"
    }
  ],
  "JavaScript|AJAX": [
    {
      "Parent Type": "Lang",
      "Parent Class": "JavaScript|*",
      "Child Type": "Lib"
    }
  ],
  "JavaScript|AngularJS": [
    {
      "Parent Type": "Lang",
      "Parent Class": "JavaScript|*",
      "Child Type": "Lib"
    }
  ],
  "JavaScript|Draw2D": [
    {
      "Parent Type": "Lang",
      "Parent Class": "JavaScript|*",
      "Child Type": "Lib"
    }
  ],
  "JavaScript|Express.js": [
    {
      "Parent Type": "Lang",
      "Parent Class": "JavaScript|*",
      "Child Type": "Lib"
    }
  ],
  "JavaScript|Ext JS": [
    {
      "Parent Type": "Lang",
      "Parent Class": "JavaScript|*",
      "Child Type": "Lib"
    }
  ],
  "JavaScript|jqGrid": [
    {
      "Parent Type": "Lang",
      "Parent Class": "JavaScript|*",
      "Child Type": "Lib"
    }
  ],
  "JavaScript|JQuery": [
    {
      "Parent Type": "Lang",
      "Parent Class": "JavaScript|*",
      "Child Type": "Lib"
    }
  ],
  "JavaScript|Jquery|jQuery UI": [
    {
      "Parent Type": "Lang",
      "Parent Class": "JavaScript|*",
      "Child Type": "Lib"
    }
  ],
  "JavaScript|React": [
    {
      "Parent Type": "Lang",
      "Parent Class": "JavaScript|*",
      "Child Type": "Lib"
    }
  ],
  "JavaScript|script.aculo.us": [
    {
      "Parent Type": "Lang",
      "Parent Class": "JavaScript|*",
      "Child Type": "Lib"
    }
  ],
  "JavaScript|Valums AJAX File Uploader": [
    {
      "Parent Type": "Lang",
      "Parent Class": "JavaScript|*",
      "Child Type": "Lib"
    }
  ],
  "OWASP Enterprise Security API (ESAPI)": [
    {
      "Parent Type": "Lang",
      "Parent Class": "Python",
      "Child Type": "Lib"
    }
  ],
  "Perl|Oraperl": [
    {
      "Parent Type": "Lang",
      "Parent Class": "Perl|*",
      "Child Type": "Lib"
    }
  ],
  "AutoIt": [
    {
      "Parent Type": "OS",
      "Parent Class": "Windows",
      "Child Type": "Lang"
    }
  ],
  "AWK": [
    {
      "Parent Type": "OS",
      "Parent Class": "Unix|*",
      "Child Type": "Lang"
    }
  ],
  "Brainscript": [
    {
      "Parent Type": "OS",
      "Parent Class": "Windows",
      "Child Type": "Lang"
    }
  ],
  "C#": [
    {
      "Parent Type": "OS",
      "Parent Class": "Windows",
      "Child Type": "Lang"
    }
  ],
  "Clipper": [
    {
      "Parent Type": "OS",
      "Parent Class": "MS-DOS",
      "Child Type": "Lang"
    }
  ],
  "CLIST": [
    {
      "Parent Type": "OS",
      "Parent Class": "MVS|*",
      "Child Type": "Lang"
    }
  ],
  "COBOL": [
    {
      "Parent Type": "OS",
      "Parent Class": "z/VSE",
      "Child Type": "Lang"
    }
  ],
  "ColdFusion Markup Language (CFML)": [
    {
      "Parent Type": "OS",
      "Parent Class": "Windows",
      "Child Type": "Lang"
    }
  ],
  "Delphi": [
    {
      "Parent Type": "OS",
      "Parent Class": "Windows",
      "Child Type": "Lang"
    }
  ],
  "Easytrieve": [
    {
      "Parent Type": "OS",
      "Parent Class": "z/VSE",
      "Child Type": "Lang"
    }
  ],
  "FOCUS": [
    {
      "Parent Type": "OS",
      "Parent Class": "z/VM",
      "Child Type": "Lang"
    }
  ],
  "Go": [
    {
      "Parent Type": "OS",
      "Parent Class": "Windows",
      "Child Type": "Lang"
    }
  ],
  "IBM High Level Assembler (HLASM)": [
    {
      "Parent Type": "OS",
      "Parent Class": "z/VSE",
      "Child Type": "Lang"
    }
  ],
  "IBM i Control Language (CL)": [
    {
      "Parent Type": "OS",
      "Parent Class": "IBM i",
      "Child Type": "Lang"
    }
  ],
  "JCL": [
    {
      "Parent Type": "OS",
      "Parent Class": "z/VSE",
      "Child Type": "Lang"
    }
  ],
  "Job Information Language (JIL)": [
    {
      "Parent Type": "OS",
      "Parent Class": "Windows",
      "Child Type": "Lang"
    }
  ],
  "JScript": [
    {
      "Parent Type": "OS",
      "Parent Class": "Windows",
      "Child Type": "Lang"
    }
  ],
  "Niakwa Programming Language (NPL)": [
    {
      "Parent Type": "OS",
      "Parent Class": "Windows",
      "Child Type": "Lang"
    }
  ],
  "Perl|*": [
    {
      "Parent Type": "OS",
      "Parent Class": "Windows",
      "Child Type": "Lang"
    }
  ],
  "PHP": [
    {
      "Parent Type": "OS",
      "Parent Class": "Windows",
      "Child Type": "Lang"
    }
  ],
  "PL/I": [
    {
      "Parent Type": "OS",
      "Parent Class": "z/VM",
      "Child Type": "Lang"
    }
  ],
  "Rexx": [
    {
      "Parent Type": "OS",
      "Parent Class": "z/VSE",
      "Child Type": "Lang"
    }
  ],
  "RPG": [
    {
      "Parent Type": "OS",
      "Parent Class": "z/VSE",
      "Child Type": "Lang"
    }
  ],
  "Scala": [
    {
      "Parent Type": "OS",
      "Parent Class": "Windows",
      "Child Type": "Lang"
    }
  ],
  "Smalltalk": [
    {
      "Parent Type": "OS",
      "Parent Class": "Windows",
      "Child Type": "Lang"
    }
  ],
  "Swift": [
    {
      "Parent Type": "OS",
      "Parent Class": "Windows",
      "Child Type": "Lang"
    }
  ],
  "TCL": [
    {
      "Parent Type": "OS",
      "Parent Class": "Windows",
      "Child Type": "Lang"
    }
  ],
  "VB.NET": [
    {
      "Parent Type": "OS",
      "Parent Class": "Windows",
      "Child Type": "Lang"
    }
  ],
  "VBScript": [
    {
      "Parent Type": "OS",
      "Parent Class": "Windows",
      "Child Type": "Lang"
    }
  ],
  "Visual Basic": [
    {
      "Parent Type": "OS",
      "Parent Class": "Windows",
      "Child Type": "Lang"
    }
  ],
  "Visual Basic for Applications (VBA)": [
    {
      "Parent Type": "OS",
      "Parent Class": "Windows",
      "Child Type": "Lang"
    }
  ],
  "Visual FoxPro": [
    {
      "Parent Type": "OS",
      "Parent Class": "Windows",
      "Child Type": "Lang"
    }
  ],
  "Xbase++": [
    {
      "Parent Type": "OS",
      "Parent Class": "Windows",
      "Child Type": "Lang"
    }
  ],
  "Apache HTTP Server": [
    {
      "Parent Type": "OS",
      "Parent Class": "Windows",
      "Child Type": "App Server"
    }
  ],
  "Apache Tomcat": [
    {
      "Parent Type": "OS",
      "Parent Class": "macOS",
      "Child Type": "App Server"
    }
  ],
  "ArcGIS Server": [
    {
      "Parent Type": "OS",
      "Parent Class": "Windows",
      "Child Type": "App Server"
    }
  ],
  "Oracle WebLogic Server": [
    {
      "Parent Type": "OS",
      "Parent Class": "Windows",
      "Child Type": "App Server"
    }
  ],
  "GlassFish": [
    {
      "Parent Type": "OS",
      "Parent Class": "Windows",
      "Child Type": "App Server"
    }
  ],
  "HAProxy": [
    {
      "Parent Type": "OS",
      "Parent Class": "Unix|BSD|SunOS",
      "Child Type": "App Server"
    }
  ],
  "IIS|*": [
    {
      "Parent Type": "OS",
      "Parent Class": "Windows",
      "Child Type": "App Server"
    }
  ],
  "JBoss|*": [
    {
      "Parent Type": "OS",
      "Parent Class": "Unix|*",
      "Child Type": "App Server"
    }
  ],
  "Kitura": [
    {
      "Parent Type": "OS",
      "Parent Class": "macOS",
      "Child Type": "App Server"
    }
  ],
  "Lotus Domino": [
    {
      "Parent Type": "OS",
      "Parent Class": "Windows",
      "Child Type": "App Server"
    }
  ],
  "Lucee": [
    {
      "Parent Type": "OS",
      "Parent Class": "Windows",
      "Child Type": "App Server"
    }
  ],
  "Netscape Application Server (NAS)": [
    {
      "Parent Type": "OS",
      "Parent Class": "Windows",
      "Child Type": "App Server"
    }
  ],
  "Netscape Enterprise Server (NES)": [
    {
      "Parent Type": "OS",
      "Parent Class": "Windows",
      "Child Type": "App Server"
    }
  ],
  "Nginx": [
    {
      "Parent Type": "OS",
      "Parent Class": "Windows",
      "Child Type": "App Server"
    }
  ],
  "Oracle Application Server|*": [
    {
      "Parent Type": "OS",
      "Parent Class": "Unix|HP-UX",
      "Child Type": "App Server"
    }
  ],
  "Oracle WebCenter Content Server|*": [
    {
      "Parent Type": "OS",
      "Parent Class": "Windows",
      "Child Type": "App Server"
    }
  ],
  "Resin Web Server": [
    {
      "Parent Type": "OS",
      "Parent Class": "Windows",
      "Child Type": "App Server"
    }
  ],
  "Spark": [
    {
      "Parent Type": "OS",
      "Parent Class": "Windows",
      "Child Type": "App Server"
    }
  ],
  "UltiDev Web Server Pro (UWS)": [
    {
      "Parent Type": "OS",
      "Parent Class": "Windows",
      "Child Type": "App Server"
    }
  ],
  "webMethods Integration Server": [
    {
      "Parent Type": "OS",
      "Parent Class": "Windows",
      "Child Type": "App Server"
    }
  ],
  "Websphere Application Server (WAS)": [
    {
      "Parent Type": "OS",
      "Parent Class": "Windows",
      "Child Type": "App Server"
    }
  ],
  "WebSphere Liberty": [
    {
      "Parent Type": "OS",
      "Parent Class": "Windows",
      "Child Type": "App Server"
    }
  ],
  "WebSphere Portal Server": [
    {
      "Parent Type": "OS",
      "Parent Class": "Windows",
      "Child Type": "App Server"
    }
  ],
  "Websphere Process Server": [
    {
      "Parent Type": "OS",
      "Parent Class": "Windows",
      "Child Type": "App Server"
    }
  ],
  "IBM HTTP Server": [
    {
      "Parent Type": "OS",
      "Parent Class": "MVS|z/OS",
      "Child Type": "App Server"
    }
  ],
  "Pivotal tc Server": [
    {
      "Parent Type": "OS",
      "Parent Class": "macOS",
      "Child Type": "App Server"
    }
  ],
  "SAP NetWeaver App Server|*": [
    {
      "Parent Type": "OS",
      "Parent Class": "Unix|BSD|SunOS",
      "Child Type": "App Server"
    }
  ],
  "Oracle iPlanet Web Server": [
    {
      "Parent Type": "OS",
      "Parent Class": "Linux|Red Hat Enterprise Linux",
      "Child Type": "App Server"
    }
  ],
  "(E)JES": [
    {
      "Parent Type": "OS",
      "Parent Class": "MVS|z/OS",
      "Child Type": "App"
    }
  ],
  "Ansible": [
    {
      "Parent Type": "OS",
      "Parent Class": "macOS",
      "Child Type": "App"
    }
  ],
  "Apache ActiveMQ": [
    {
      "Parent Type": "OS",
      "Parent Class": "Windows",
      "Child Type": "App"
    }
  ],
  "Apache Hive": [
    {
      "Parent Type": "OS",
      "Parent Class": "Windows",
      "Child Type": "App"
    }
  ],
  "Apache Kafka": [
    {
      "Parent Type": "OS",
      "Parent Class": "Unix|*",
      "Child Type": "App"
    }
  ],
  "Apache ServiceMix": [
    {
      "Parent Type": "OS",
      "Parent Class": "Windows",
      "Child Type": "App"
    }
  ],
  "Apache Solr": [
    {
      "Parent Type": "OS",
      "Parent Class": "Windows",
      "Child Type": "App"
    }
  ],
  "Apache Subversion": [
    {
      "Parent Type": "OS",
      "Parent Class": "Windows",
      "Child Type": "App"
    }
  ],
  "Asterisk": [
    {
      "Parent Type": "OS",
      "Parent Class": "Windows",
      "Child Type": "App"
    }
  ],
  "Automic Job Scheduler": [
    {
      "Parent Type": "OS",
      "Parent Class": "Windows",
      "Child Type": "App"
    }
  ],
  "Autosys": [
    {
      "Parent Type": "OS",
      "Parent Class": "Windows",
      "Child Type": "App"
    }
  ],
  "BMC Identity Management": [
    {
      "Parent Type": "OS",
      "Parent Class": "Windows",
      "Child Type": "App"
    }
  ],
  "Business Intelligence and Reporting Tools (BIRT)": [
    {
      "Parent Type": "OS",
      "Parent Class": "Windows",
      "Child Type": "App"
    }
  ],
  "CA Introscope": [
    {
      "Parent Type": "OS",
      "Parent Class": "Windows",
      "Child Type": "App"
    }
  ],
  "CA-TELON": [
    {
      "Parent Type": "OS",
      "Parent Class": "z/VSE",
      "Child Type": "App"
    }
  ],
  "Chef Automate": [
    {
      "Parent Type": "OS",
      "Parent Class": "Windows",
      "Child Type": "App"
    }
  ],
  "CiscoWorks LAN Management Solution (LMS)": [
    {
      "Parent Type": "OS",
      "Parent Class": "Windows",
      "Child Type": "App"
    }
  ],
  "Citrix ADC CPX": [
    {
      "Parent Type": "OS",
      "Parent Class": "Linux",
      "Child Type": "App"
    }
  ],
  "Citrix Provisioning": [
    {
      "Parent Type": "OS",
      "Parent Class": "Linux",
      "Child Type": "App"
    }
  ],
  "Cognos": [
    {
      "Parent Type": "OS",
      "Parent Class": "Windows",
      "Child Type": "App"
    }
  ],
  "Coldfusion": [
    {
      "Parent Type": "OS",
      "Parent Class": "Windows",
      "Child Type": "App"
    }
  ],
  "CONNAPI": [
    {
      "Parent Type": "OS",
      "Parent Class": "Windows",
      "Child Type": "App"
    }
  ],
  "Connect Direct": [
    {
      "Parent Type": "OS",
      "Parent Class": "Windows",
      "Child Type": "App"
    }
  ],
  "Cornerstone software": [
    {
      "Parent Type": "OS",
      "Parent Class": "Windows",
      "Child Type": "App"
    }
  ],
  "Crystal Reports": [
    {
      "Parent Type": "OS",
      "Parent Class": "Windows",
      "Child Type": "App"
    }
  ],
  "DB2": [
    {
      "Parent Type": "OS",
      "Parent Class": "MVS|z/OS",
      "Child Type": "App"
    }
  ],
  "Documentum Content Server": [
    {
      "Parent Type": "OS",
      "Parent Class": "Windows",
      "Child Type": "App"
    }
  ],
  "Drupal": [
    {
      "Parent Type": "OS",
      "Parent Class": "Windows",
      "Child Type": "App"
    }
  ],
  "Eclipse|*": [
    {
      "Parent Type": "OS",
      "Parent Class": "Windows",
      "Child Type": "App"
    }
  ],
  "Elastic (ELK) Stack": [
    {
      "Parent Type": "OS",
      "Parent Class": "Windows",
      "Child Type": "App"
    }
  ],
  "FileMaker Pro": [
    {
      "Parent Type": "OS",
      "Parent Class": "Windows",
      "Child Type": "App"
    }
  ],
  "Genymotion": [
    {
      "Parent Type": "OS",
      "Parent Class": "Windows",
      "Child Type": "App"
    }
  ],
  "Hadoop": [
    {
      "Parent Type": "OS",
      "Parent Class": "Windows",
      "Child Type": "App"
    }
  ],
  "HP aC++ compiler": [
    {
      "Parent Type": "OS",
      "Parent Class": "Unix|HP-UX",
      "Child Type": "App"
    }
  ],
  "HP C/ANSI C compiler": [
    {
      "Parent Type": "OS",
      "Parent Class": "Unix|HP-UX",
      "Child Type": "App"
    }
  ],
  "HP Operations Orchestration (HPOO)": [
    {
      "Parent Type": "OS",
      "Parent Class": "Windows",
      "Child Type": "App"
    }
  ],
  "IBM Content Manager OnDemand (CMOD)": [
    {
      "Parent Type": "OS",
      "Parent Class": "Windows",
      "Child Type": "App"
    }
  ],
  "IBM FileNet P8 Platform": [
    {
      "Parent Type": "OS",
      "Parent Class": "Windows",
      "Child Type": "App"
    }
  ],
  "IBM InfoSphere DataStage": [
    {
      "Parent Type": "OS",
      "Parent Class": "Windows",
      "Child Type": "App"
    }
  ],
  "IBM Integration Bus|*": [
    {
      "Parent Type": "OS",
      "Parent Class": "Windows",
      "Child Type": "App"
    }
  ],
  "IBM Migration Utility": [
    {
      "Parent Type": "OS",
      "Parent Class": "Windows",
      "Child Type": "App"
    }
  ],
  "IBM Mobile Foundation": [
    {
      "Parent Type": "OS",
      "Parent Class": "Windows",
      "Child Type": "App"
    }
  ],
  "IBM Tivoli Workload Scheduler (TWS)": [
    {
      "Parent Type": "OS",
      "Parent Class": "Windows",
      "Child Type": "App"
    }
  ],
  "IBM Websphere MQ": [
    {
      "Parent Type": "OS",
      "Parent Class": "z/VSE",
      "Child Type": "App"
    }
  ],
  "IBM WebSphere MQ Telemetry": [
    {
      "Parent Type": "OS",
      "Parent Class": "Windows",
      "Child Type": "App"
    }
  ],
  "IBM WebSphere Transformation Extender (WTX)": [
    {
      "Parent Type": "OS",
      "Parent Class": "Windows",
      "Child Type": "App"
    }
  ],
  "Websphere ILOG JRules BRMS": [
    {
      "Parent Type": "OS",
      "Parent Class": "Windows",
      "Child Type": "App"
    }
  ],
  "IMS DB": [
    {
      "Parent Type": "OS",
      "Parent Class": "MVS|z/OS",
      "Child Type": "App"
    }
  ],
  "Infobright Community Edition (ICE)": [
    {
      "Parent Type": "OS",
      "Parent Class": "Windows",
      "Child Type": "App"
    }
  ],
  "Informatica PowerCenter": [
    {
      "Parent Type": "OS",
      "Parent Class": "Windows",
      "Child Type": "App"
    }
  ],
  "Ingres": [
    {
      "Parent Type": "OS",
      "Parent Class": "Windows",
      "Child Type": "App"
    }
  ],
  "Jenkins": [
    {
      "Parent Type": "OS",
      "Parent Class": "Windows",
      "Child Type": "App"
    }
  ],
  "Lotus Notes": [
    {
      "Parent Type": "OS",
      "Parent Class": "Windows",
      "Child Type": "App"
    }
  ],
  "MaaS360": [
    {
      "Parent Type": "OS",
      "Parent Class": "Windows",
      "Child Type": "App"
    }
  ],
  "ManageEngine ADSelfService Plus": [
    {
      "Parent Type": "OS",
      "Parent Class": "Windows",
      "Child Type": "App"
    }
  ],
  "Microsoft Access": [
    {
      "Parent Type": "OS",
      "Parent Class": "Windows",
      "Child Type": "App"
    }
  ],
  "Microsoft BizTalk Adapters for Host Systems": [
    {
      "Parent Type": "OS",
      "Parent Class": "Windows",
      "Child Type": "App"
    }
  ],
  "Microsoft Dynamics AX": [
    {
      "Parent Type": "OS",
      "Parent Class": "Windows",
      "Child Type": "App"
    }
  ],
  "Microsoft Endpoint Configuration Manager (SCCM)": [
    {
      "Parent Type": "OS",
      "Parent Class": "Windows",
      "Child Type": "App"
    }
  ],
  "Microsoft Exchange Server|*": [
    {
      "Parent Type": "OS",
      "Parent Class": "Windows",
      "Child Type": "App"
    }
  ],
  "Microsoft InfoPath": [
    {
      "Parent Type": "OS",
      "Parent Class": "Windows",
      "Child Type": "App"
    }
  ],
  "Microsoft MQ": [
    {
      "Parent Type": "OS",
      "Parent Class": "Windows",
      "Child Type": "App"
    }
  ],
  "Microsoft Web Deploy": [
    {
      "Parent Type": "OS",
      "Parent Class": "Windows",
      "Child Type": "App"
    }
  ],
  "Microsoft Web Farm Framework (WFF)": [
    {
      "Parent Type": "OS",
      "Parent Class": "Windows",
      "Child Type": "App"
    }
  ],
  "Microsoft Web Platform Installer": [
    {
      "Parent Type": "OS",
      "Parent Class": "Windows",
      "Child Type": "App"
    }
  ],
  "Model Driven Workflow (MDW)": [
    {
      "Parent Type": "OS",
      "Parent Class": "Windows",
      "Child Type": "App"
    }
  ],
  "MongoDB": [
    {
      "Parent Type": "OS",
      "Parent Class": "Windows",
      "Child Type": "App"
    }
  ],
  "MQ Client": [
    {
      "Parent Type": "OS",
      "Parent Class": "Windows",
      "Child Type": "App"
    }
  ],
  "MS SQL Server|*": [
    {
      "Parent Type": "OS",
      "Parent Class": "Unix|*",
      "Child Type": "App"
    }
  ],
  "MS SQL Server Compact": [
    {
      "Parent Type": "OS",
      "Parent Class": "Windows",
      "Child Type": "App"
    }
  ],
  "MySQL": [
    {
      "Parent Type": "OS",
      "Parent Class": "Windows",
      "Child Type": "App"
    }
  ],
  "Neo4j": [
    {
      "Parent Type": "OS",
      "Parent Class": "Windows",
      "Child Type": "App"
    }
  ],
  "Nix package manager": [
    {
      "Parent Type": "OS",
      "Parent Class": "macOS",
      "Child Type": "App"
    }
  ],
  "OpenLDAP": [
    {
      "Parent Type": "OS",
      "Parent Class": "Windows",
      "Child Type": "App"
    }
  ],
  "OpenVPN": [
    {
      "Parent Type": "OS",
      "Parent Class": "Windows",
      "Child Type": "App"
    }
  ],
  "Oracle ADF": [
    {
      "Parent Type": "OS",
      "Parent Class": "Windows",
      "Child Type": "App"
    }
  ],
  "Oracle APEX": [
    {
      "Parent Type": "OS",
      "Parent Class": "Windows",
      "Child Type": "App"
    }
  ],
  "Oracle BI Publisher": [
    {
      "Parent Type": "OS",
      "Parent Class": "Windows",
      "Child Type": "App"
    }
  ],
  "Oracle Business Intelligence": [
    {
      "Parent Type": "OS",
      "Parent Class": "Windows",
      "Child Type": "App"
    }
  ],
  "Oracle Database|*": [
    {
      "Parent Type": "OS",
      "Parent Class": "MVS|z/OS",
      "Child Type": "App"
    }
  ],
  "Oracle Enterprise Manager": [
    {
      "Parent Type": "OS",
      "Parent Class": "Windows",
      "Child Type": "App"
    }
  ],
  "Oracle Forms": [
    {
      "Parent Type": "OS",
      "Parent Class": "Windows",
      "Child Type": "App"
    }
  ],
  "Oracle Service Bus": [
    {
      "Parent Type": "OS",
      "Parent Class": "Windows",
      "Child Type": "App"
    }
  ],
  "Oracle TimesTen In-Memory Database": [
    {
      "Parent Type": "OS",
      "Parent Class": "Windows",
      "Child Type": "App"
    }
  ],
  "Oracle Warehouse Builder (OWB)": [
    {
      "Parent Type": "OS",
      "Parent Class": "Windows",
      "Child Type": "App"
    }
  ],
  "Orbix": [
    {
      "Parent Type": "OS",
      "Parent Class": "Windows",
      "Child Type": "App"
    }
  ],
  "Pentaho": [
    {
      "Parent Type": "OS",
      "Parent Class": "Windows",
      "Child Type": "App"
    }
  ],
  "PostgreSQL": [
    {
      "Parent Type": "OS",
      "Parent Class": "Windows",
      "Child Type": "App"
    }
  ],
  "Powerbuilder": [
    {
      "Parent Type": "OS",
      "Parent Class": "Windows",
      "Child Type": "App"
    }
  ],
  "Pro*COBOL": [
    {
      "Parent Type": "OS",
      "Parent Class": "Windows",
      "Child Type": "App"
    }
  ],
  "PVCS Version Manager": [
    {
      "Parent Type": "OS",
      "Parent Class": "Windows",
      "Child Type": "App"
    }
  ],
  "RabbitMQ": [
    {
      "Parent Type": "OS",
      "Parent Class": "Windows",
      "Child Type": "App"
    }
  ],
  "Redis": [
    {
      "Parent Type": "OS",
      "Parent Class": "Linux|Red Hat Enterprise Linux",
      "Child Type": "App"
    }
  ],
  "Remedy": [
    {
      "Parent Type": "OS",
      "Parent Class": "Windows",
      "Child Type": "App"
    }
  ],
  "Riak": [
    {
      "Parent Type": "OS",
      "Parent Class": "Unix|BSD|SunOS",
      "Child Type": "App"
    }
  ],
  "RightFax": [
    {
      "Parent Type": "OS",
      "Parent Class": "Windows",
      "Child Type": "App"
    }
  ],
  "Rumba": [
    {
      "Parent Type": "OS",
      "Parent Class": "Windows",
      "Child Type": "App"
    }
  ],
  "SAP BusinessObjects BI server": [
    {
      "Parent Type": "OS",
      "Parent Class": "Windows",
      "Child Type": "App"
    }
  ],
  "SharePoint": [
    {
      "Parent Type": "OS",
      "Parent Class": "Windows",
      "Child Type": "App"
    }
  ],
  "Siebel": [
    {
      "Parent Type": "OS",
      "Parent Class": "Windows",
      "Child Type": "App"
    }
  ],
  "SNA Manager": [
    {
      "Parent Type": "OS",
      "Parent Class": "Windows",
      "Child Type": "App"
    }
  ],
  "Splunk": [
    {
      "Parent Type": "OS",
      "Parent Class": "Windows",
      "Child Type": "App"
    }
  ],
  "SQLIO": [
    {
      "Parent Type": "OS",
      "Parent Class": "Windows",
      "Child Type": "App"
    }
  ],
  "Syncsort": [
    {
      "Parent Type": "OS",
      "Parent Class": "MVS|z/OS",
      "Child Type": "App"
    }
  ],
  "Teradata": [
    {
      "Parent Type": "OS",
      "Parent Class": "Linux|SUSE Linux Enterprise Server",
      "Child Type": "App"
    }
  ],
  "Teradata QS Server": [
    {
      "Parent Type": "OS",
      "Parent Class": "Windows",
      "Child Type": "App"
    }
  ],
  "TIBCO Business Works (BW)|*": [
    {
      "Parent Type": "OS",
      "Parent Class": "Windows",
      "Child Type": "App"
    }
  ],
  "TIBCO Rendezvous": [
    {
      "Parent Type": "OS",
      "Parent Class": "Windows",
      "Child Type": "App"
    }
  ],
  "Tivoli Access Manager (TAM)": [
    {
      "Parent Type": "OS",
      "Parent Class": "Windows",
      "Child Type": "App"
    }
  ],
  "TSO/ISPF": [
    {
      "Parent Type": "OS",
      "Parent Class": "MVS|z/OS",
      "Child Type": "App"
    }
  ],
  "TWS zCentric": [
    {
      "Parent Type": "OS",
      "Parent Class": "Windows",
      "Child Type": "App"
    }
  ],
  "ViewNow X Server": [
    {
      "Parent Type": "OS",
      "Parent Class": "Windows",
      "Child Type": "App"
    }
  ],
  "Virtual I/O Server": [
    {
      "Parent Type": "OS",
      "Parent Class": "Unix|AIX",
      "Child Type": "App"
    }
  ],
  "Visibroker": [
    {
      "Parent Type": "OS",
      "Parent Class": "Windows",
      "Child Type": "App"
    }
  ],
  "WebFOCUS": [
    {
      "Parent Type": "OS",
      "Parent Class": "Windows",
      "Child Type": "App"
    }
  ],
  "WebLogic Integration": [
    {
      "Parent Type": "OS",
      "Parent Class": "Windows",
      "Child Type": "App"
    }
  ],
  "WebSphere Message Broker": [
    {
      "Parent Type": "OS",
      "Parent Class": "Windows",
      "Child Type": "App"
    }
  ],
  "Wherescape Red": [
    {
      "Parent Type": "OS",
      "Parent Class": "Windows",
      "Child Type": "App"
    }
  ],
  "Windchill": [
    {
      "Parent Type": "OS",
      "Parent Class": "Windows",
      "Child Type": "App"
    }
  ],
  "Wise Package Studio": [
    {
      "Parent Type": "OS",
      "Parent Class": "Windows",
      "Child Type": "App"
    }
  ],
  "Wordpress": [
    {
      "Parent Type": "OS",
      "Parent Class": "Windows",
      "Child Type": "App"
    }
  ],
  "XAMPP": [
    {
      "Parent Type": "OS",
      "Parent Class": "Windows",
      "Child Type": "App"
    }
  ],
  "ZeroMQ": [
    {
      "Parent Type": "OS",
      "Parent Class": "Windows",
      "Child Type": "App"
    }
  ],
  "A-Auto Job Scheduling Software": [
    {
      "Parent Type": "OS",
      "Parent Class": "Windows",
      "Child Type": "App"
    }
  ],
  "Adobe Acrobat Reader": [
    {
      "Parent Type": "OS",
      "Parent Class": "Unix|AIX",
      "Child Type": "App"
    }
  ],
  "Bluebeam": [
    {
      "Parent Type": "OS",
      "Parent Class": "Windows",
      "Child Type": "App"
    }
  ],
  "BMC Control-M": [
    {
      "Parent Type": "OS",
      "Parent Class": "Linux|SUSE Linux Enterprise Server",
      "Child Type": "App"
    }
  ],
  "Borland Database Engine (BDE)": [
    {
      "Parent Type": "OS",
      "Parent Class": "Windows",
      "Child Type": "App"
    }
  ],
  "CA Gen": [
    {
      "Parent Type": "OS",
      "Parent Class": "Linux",
      "Child Type": "App"
    }
  ],
  "CA-Panvalet": [
    {
      "Parent Type": "OS",
      "Parent Class": "z/VSE",
      "Child Type": "App"
    }
  ],
  "Sysinternal Tools|*": [
    {
      "Parent Type": "OS",
      "Parent Class": "Windows",
      "Child Type": "App"
    }
  ],
  "Tableau": [
    {
      "Parent Type": "OS",
      "Parent Class": "Linux",
      "Child Type": "App"
    }
  ],
  "IBM Tivoli Storage Manager|*": [
    {
      "Parent Type": "OS",
      "Parent Class": "Windows",
      "Child Type": "App"
    }
  ],
  "Microsoft Excel": [
    {
      "Parent Type": "OS",
      "Parent Class": "iOS",
      "Child Type": "App"
    }
  ],
  "IBM Tivoli Monitoring": [
    {
      "Parent Type": "OS",
      "Parent Class": "Windows",
      "Child Type": "App"
    }
  ],
  "Mozilla Firefox": [
    {
      "Parent Type": "OS",
      "Parent Class": "Unix|BSD|SunOS",
      "Child Type": "App"
    }
  ],
  "MS Office 365": [
    {
      "Parent Type": "OS",
      "Parent Class": "Windows",
      "Child Type": "App"
    }
  ],
  "Citrix Virtual Apps and Desktops": [
    {
      "Parent Type": "OS",
      "Parent Class": "Windows",
      "Child Type": "App"
    }
  ],
  "Google Chrome": [
    {
      "Parent Type": "OS",
      "Parent Class": "macOS",
      "Child Type": "App"
    }
  ],
  "Greenplum DB": [
    {
      "Parent Type": "OS",
      "Parent Class": "Linux|Ubuntu",
      "Child Type": "App"
    }
  ],
  "IBM Business Monitor": [
    {
      "Parent Type": "OS",
      "Parent Class": "Windows",
      "Child Type": "App"
    }
  ],
  "Cisco AMP for Endpoints": [
    {
      "Parent Type": "OS",
      "Parent Class": "Windows",
      "Child Type": "App"
    }
  ],
  "Clarity LIMS": [
    {
      "Parent Type": "OS",
      "Parent Class": "macOS",
      "Child Type": "App"
    }
  ],
  "ETAP License Manager (LM)": [
    {
      "Parent Type": "OS",
      "Parent Class": "Windows",
      "Child Type": "App"
    }
  ],
  "ExamDiff": [
    {
      "Parent Type": "OS",
      "Parent Class": "Windows",
      "Child Type": "App"
    }
  ],
  "FlexNet Manager Suite": [
    {
      "Parent Type": "OS",
      "Parent Class": "Linux|Debian",
      "Child Type": "App"
    }
  ],
  "FTP Voyager": [
    {
      "Parent Type": "OS",
      "Parent Class": "Windows",
      "Child Type": "App"
    }
  ],
  "IBM BigFix Platform|*": [
    {
      "Parent Type": "OS",
      "Parent Class": "iOS",
      "Child Type": "App"
    }
  ],
  "IBM Business Process Manager": [
    {
      "Parent Type": "OS",
      "Parent Class": "Windows",
      "Child Type": "App"
    }
  ],
  "IBM License Metric Tool": [
    {
      "Parent Type": "OS",
      "Parent Class": "Windows",
      "Child Type": "App"
    }
  ],
  "IBM Maximo": [
    {
      "Parent Type": "OS",
      "Parent Class": "Windows",
      "Child Type": "App"
    }
  ],
  "IBM Operational Decision Manager (ODM)": [
    {
      "Parent Type": "OS",
      "Parent Class": "MVS|z/OS",
      "Child Type": "App"
    }
  ],
  "IBM Spectrum Scale": [
    {
      "Parent Type": "OS",
      "Parent Class": "Windows",
      "Child Type": "App"
    }
  ],
  "IBM Tivoli Asset Management|*": [
    {
      "Parent Type": "OS",
      "Parent Class": "Unix|HP-UX",
      "Child Type": "App"
    }
  ],
  "IBM Tivoli Composite Application Manager": [
    {
      "Parent Type": "OS",
      "Parent Class": "Windows",
      "Child Type": "App"
    }
  ],
  "IBM WebSphere Business Integration Adaptor": [
    {
      "Parent Type": "OS",
      "Parent Class": "MVS|z/OS",
      "Child Type": "App"
    }
  ],
  "Info-ZIP": [
    {
      "Parent Type": "OS",
      "Parent Class": "Windows",
      "Child Type": "App"
    }
  ],
  "joinIT": [
    {
      "Parent Type": "OS",
      "Parent Class": "MVS|*",
      "Child Type": "App"
    }
  ],
  "LifeFlow": [
    {
      "Parent Type": "OS",
      "Parent Class": "Windows",
      "Child Type": "App"
    }
  ],
  "Malwarebytes Anti-Malware": [
    {
      "Parent Type": "OS",
      "Parent Class": "iOS",
      "Child Type": "App"
    }
  ],
  "MarkLogic DB": [
    {
      "Parent Type": "OS",
      "Parent Class": "macOS",
      "Child Type": "App"
    }
  ],
  "Memcached": [
    {
      "Parent Type": "OS",
      "Parent Class": "Windows",
      "Child Type": "App"
    }
  ],
  "Microsoft Forefront Identity Manager (FIM)": [
    {
      "Parent Type": "OS",
      "Parent Class": "Windows",
      "Child Type": "App"
    }
  ],
  "Microsoft Internet Explorer": [
    {
      "Parent Type": "OS",
      "Parent Class": "Unix|HP-UX",
      "Child Type": "App"
    }
  ],
  "Microsoft ISA Server": [
    {
      "Parent Type": "OS",
      "Parent Class": "Windows",
      "Child Type": "App"
    }
  ],
  "Microsoft System Center Endpoint Protection": [
    {
      "Parent Type": "OS",
      "Parent Class": "macOS",
      "Child Type": "App"
    }
  ],
  "Microsoft Visual Studio": [
    {
      "Parent Type": "OS",
      "Parent Class": "macOS",
      "Child Type": "App"
    }
  ],
  "Oracle Hyperion|*": [
    {
      "Parent Type": "OS",
      "Parent Class": "Unix|AIX",
      "Child Type": "App"
    }
  ],
  "Oracle Retail Point-of-Service": [
    {
      "Parent Type": "OS",
      "Parent Class": "Linux|SUSE Linux Enterprise Server",
      "Child Type": "App"
    }
  ],
  "Oracle Smart View": [
    {
      "Parent Type": "OS",
      "Parent Class": "Windows",
      "Child Type": "App"
    }
  ],
  "Oracle SOA Suite": [
    {
      "Parent Type": "OS",
      "Parent Class": "Linux|SUSE Linux Enterprise Server",
      "Child Type": "App"
    }
  ],
  "Oracle SQL Developer": [
    {
      "Parent Type": "OS",
      "Parent Class": "Linux|Oracle Linux",
      "Child Type": "App"
    }
  ],
  "Pervasive PSQL": [
    {
      "Parent Type": "OS",
      "Parent Class": "Linux|SUSE Linux Enterprise Server",
      "Child Type": "App"
    }
  ],
  "PIPE-FLO": [
    {
      "Parent Type": "OS",
      "Parent Class": "Windows",
      "Child Type": "App"
    }
  ],
  "PKZIP": [
    {
      "Parent Type": "OS",
      "Parent Class": "Windows",
      "Child Type": "App"
    }
  ],
  "Planview": [
    {
      "Parent Type": "OS",
      "Parent Class": "macOS",
      "Child Type": "App"
    }
  ],
  "Primavera P6": [
    {
      "Parent Type": "OS",
      "Parent Class": "Android",
      "Child Type": "App"
    }
  ],
  "ProjectWise": [
    {
      "Parent Type": "OS",
      "Parent Class": "Windows",
      "Child Type": "App"
    }
  ],
  "ProjectWise Web Server": [
    {
      "Parent Type": "OS",
      "Parent Class": "Windows",
      "Child Type": "App"
    }
  ],
  "QlikView": [
    {
      "Parent Type": "OS",
      "Parent Class": "Windows",
      "Child Type": "App"
    }
  ],
  "Rational ClearCase": [
    {
      "Parent Type": "OS",
      "Parent Class": "Windows",
      "Child Type": "App"
    }
  ],
  "Rational ClearQuest": [
    {
      "Parent Type": "OS",
      "Parent Class": "Windows",
      "Child Type": "App"
    }
  ],
  "SAP ERP|*": [
    {
      "Parent Type": "OS",
      "Parent Class": "Unix|BSD|SunOS",
      "Child Type": "App"
    }
  ],
  "SAP HANA DB": [
    {
      "Parent Type": "OS",
      "Parent Class": "Linux|SUSE Linux Enterprise Server",
      "Child Type": "App"
    }
  ],
  "SAP MaxDB": [
    {
      "Parent Type": "OS",
      "Parent Class": "Windows",
      "Child Type": "App"
    }
  ],
  "SAP NetWeaver Business Warehouse": [
    {
      "Parent Type": "OS",
      "Parent Class": "Windows",
      "Child Type": "App"
    }
  ],
  "SAP SQL Anywhere": [
    {
      "Parent Type": "OS",
      "Parent Class": "Unix|BSD|SunOS",
      "Child Type": "App"
    }
  ],
  "SnagIt": [
    {
      "Parent Type": "OS",
      "Parent Class": "Windows",
      "Child Type": "App"
    }
  ],
  "solidDB": [
    {
      "Parent Type": "OS",
      "Parent Class": "Windows",
      "Child Type": "App"
    }
  ],
  "SpaceMonger": [
    {
      "Parent Type": "OS",
      "Parent Class": "Windows",
      "Child Type": "App"
    }
  ],
  "TCPLink Enterprise Server": [
    {
      "Parent Type": "OS",
      "Parent Class": "Windows",
      "Child Type": "App"
    }
  ],
  "TortoiseCVS": [
    {
      "Parent Type": "OS",
      "Parent Class": "Windows",
      "Child Type": "App"
    }
  ],
  "TortoiseSVN": [
    {
      "Parent Type": "OS",
      "Parent Class": "Windows",
      "Child Type": "App"
    }
  ],
  "Uniface": [
    {
      "Parent Type": "OS",
      "Parent Class": "Unix|*",
      "Child Type": "App"
    }
  ],
  "VMware Tools": [
    {
      "Parent Type": "OS",
      "Parent Class": "Unix|BSD|SunOS",
      "Child Type": "App"
    }
  ],
  "VMware vCenter": [
    {
      "Parent Type": "OS",
      "Parent Class": "Linux|Ubuntu",
      "Child Type": "App"
    }
  ],
  "WebSphere Commerce Suite (WCS)": [
    {
      "Parent Type": "OS",
      "Parent Class": "IBM i",
      "Child Type": "App"
    }
  ],
  "Windows Indexing Service": [
    {
      "Parent Type": "OS",
      "Parent Class": "Windows",
      "Child Type": "App"
    }
  ],
  "Windows Terminal Server (WTS)": [
    {
      "Parent Type": "OS",
      "Parent Class": "Windows",
      "Child Type": "App"
    }
  ],
  "WingArc SVF": [
    {
      "Parent Type": "OS",
      "Parent Class": "Windows",
      "Child Type": "App"
    }
  ],
  "WinMerge": [
    {
      "Parent Type": "OS",
      "Parent Class": "Windows",
      "Child Type": "App"
    }
  ],
  "WinRAR": [
    {
      "Parent Type": "OS",
      "Parent Class": "Windows",
      "Child Type": "App"
    }
  ],
  "WinSCP": [
    {
      "Parent Type": "OS",
      "Parent Class": "Windows",
      "Child Type": "App"
    }
  ],
  "ZAP BI": [
    {
      "Parent Type": "OS",
      "Parent Class": "Windows",
      "Child Type": "App"
    }
  ],
  "Zerto Virtual Replication": [
    {
      "Parent Type": "OS",
      "Parent Class": "Linux|Oracle Linux",
      "Child Type": "App"
    }
  ],
  "Oracle Real-Time Decisions (RTD)": [
    {
      "Parent Type": "OS",
      "Parent Class": "Unix|*",
      "Child Type": "App Server"
    }
  ],
  "IBM PowerHA": [
    {
      "Parent Type": "OS",
      "Parent Class": "Linux",
      "Child Type": "App"
    }
  ],
  "Tivoli Netcool/OMNIbus": [
    {
      "Parent Type": "OS",
      "Parent Class": "Linux",
      "Child Type": "App"
    }
  ],
  "IBM ILOG Views": [
    {
      "Parent Type": "OS",
      "Parent Class": "Linux",
      "Child Type": "App"
    }
  ],
  "IBM ILOG CPLEX": [
    {
      "Parent Type": "OS",
      "Parent Class": "Linux",
      "Child Type": "App"
    }
  ],
  "IBM ILOG Jviews": [
    {
      "Parent Type": "OS",
      "Parent Class": "Linux",
      "Child Type": "App"
    }
  ],
  "IBM ILOG Elixir": [
    {
      "Parent Type": "OS",
      "Parent Class": "Linux",
      "Child Type": "App"
    }
  ],
  "IBM ILOG Supply Chain Apps": [
    {
      "Parent Type": "OS",
      "Parent Class": "Linux",
      "Child Type": "App"
    }
  ],
  "ILOG Solver": [
    {
      "Parent Type": "OS",
      "Parent Class": "Linux",
      "Child Type": "App"
    }
  ],
  "SQLite": [
    {
      "Parent Type": "OS",
      "Parent Class": "Linux",
      "Child Type": "App"
    }
  ],
  "Fortran": [
    {
      "Parent Type": "OS",
      "Parent Class": "Linux",
      "Child Type": "Lang"
    }
  ],
  "instana": [
    {
      "Parent Type": "OS",
      "Parent Class": "Linux",
      "Child Type": "Runtime"
    }
  ],
  "credstash": [
    {
      "Parent Type": "OS",
      "Parent Class": "Linux",
      "Child Type": "App"
    }
  ],
  "Snyk": [
    {
      "Parent Type": "OS",
      "Parent Class": "Linux",
      "Child Type": "App"
    }
  ],
  "Akka": [
    {
      "Parent Type": "OS",
      "Parent Class": "Linux",
      "Child Type": "App"
    }
  ],
  "Varnish": [
    {
      "Parent Type": "OS",
      "Parent Class": "Linux",
      "Child Type": "App Server"
    }
  ],
  "Datadog": [
    {
      "Parent Type": "OS",
      "Parent Class": "Linux",
      "Child Type": "Runtime"
    }
  ],
  "Hazelcast": [
    {
      "Parent Type": "OS",
      "Parent Class": "Linux",
      "Child Type": "Runtime"
    }
  ],
  "Infinispan": [
    {
      "Parent Type": "OS",
      "Parent Class": "Linux",
      "Child Type": "App"
    }
  ],
  "Nuxeo": [
    {
      "Parent Type": "OS",
      "Parent Class": "Linux",
      "Child Type": "Runtime"
    }
  ],
  "ArangoDB": [
    {
      "Parent Type": "OS",
      "Parent Class": "Linux",
      "Child Type": "App"
    }
  ],
  "Eclipse|Eclipse Che": [
    {
      "Parent Type": "OS",
      "Parent Class": "Linux",
      "Child Type": "App"
    }
  ],
  "Amazon S3": [
    {
      "Parent Type": "OS",
      "Parent Class": "Linux",
      "Child Type": "App"
    }
  ],
  "ClickHouse": [
    {
      "Parent Type": "OS",
      "Parent Class": "Linux",
      "Child Type": "App"
    }
  ],
  "MinIO": [
    {
      "Parent Type": "OS",
      "Parent Class": "Linux",
      "Child Type": "App"
    }
  ],
  "Elasticsearch": [
    {
      "Parent Type": "OS",
      "Parent Class": "Linux",
      "Child Type": "App"
    }
  ],
  "XtraDB": [
    {
      "Parent Type": "OS",
      "Parent Class": "Linux",
      "Child Type": "App"
    }
  ],
  "Keycloak": [
    {
      "Parent Type": "OS",
      "Parent Class": "Linux",
      "Child Type": "App"
    }
  ],
  "Grafana": [
    {
      "Parent Type": "OS",
      "Parent Class": "Linux",
      "Child Type": "App"
    }
  ],
  "Mattermost": [
    {
      "Parent Type": "OS",
      "Parent Class": "Linux",
      "Child Type": "Runtime"
    }
  ],
  "Synapse": [
    {
      "Parent Type": "OS",
      "Parent Class": "Linux",
      "Child Type": "App"
    }
  ],
  "Cloud IAM": [
    {
      "Parent Type": "OS",
      "Parent Class": "Linux",
      "Child Type": "App"
    }
  ],
  "Knative": [
    {
      "Parent Type": "OS",
      "Parent Class": "Linux",
      "Child Type": "Runtime"
    }
  ],
  "Apache Cassandra": [
    {
      "Parent Type": "OS",
      "Parent Class": "Linux",
      "Child Type": "App"
    }
  ],
  "Kubeflow": [
    {
      "Parent Type": "OS",
      "Parent Class": "Linux",
      "Child Type": "Runtime"
    }
  ],
  "Qiskit": [
    {
      "Parent Type": "OS",
      "Parent Class": "Linux",
      "Child Type": "App"
    }
  ],
  "Microsoft Azure": [
    {
      "Parent Type": "OS",
      "Parent Class": "Linux",
      "Child Type": "App"
    }
  ],
  "Strimzi": [
    {
      "Parent Type": "OS",
      "Parent Class": "Linux",
      "Child Type": "Runtime"
    }
  ],
  "Sematext": [
    {
      "Parent Type": "OS",
      "Parent Class": "Linux",
      "Child Type": "Runtime"
    }
  ],
  "Eclipse|Eclipse hawkBit": [
    {
      "Parent Type": "OS",
      "Parent Class": "Linux",
      "Child Type": "App"
    }
  ],
  "Eclipse|Eclipse Ditto": [
    {
      "Parent Type": "OS",
      "Parent Class": "Linux",
      "Child Type": "App"
    }
  ],
  "MariaDB": [
    {
      "Parent Type": "OS",
      "Parent Class": "Linux",
      "Child Type": "App"
    }
  ],
  "Zadara": [
    {
      "Parent Type": "OS",
      "Parent Class": "Linux",
      "Child Type": "App"
    }
  ],
  "Istio": [
    {
      "Parent Type": "OS",
      "Parent Class": "Linux",
      "Child Type": "App"
    }
  ],
  "Vault": [
    {
      "Parent Type": "OS",
      "Parent Class": "Linux",
      "Child Type": "App"
    }
  ],
  "Apache Druid": [
    {
      "Parent Type": "OS",
      "Parent Class": "Linux",
      "Child Type": "App"
    }
  ],
  "etcd": [
    {
      "Parent Type": "OS",
      "Parent Class": "Linux",
      "Child Type": "App"
    }
  ],
  "Traefik": [
    {
      "Parent Type": "OS",
      "Parent Class": "Linux",
      "Child Type": "App Server"
    }
  ],
  "IBM Cloud": [
    {
      "Parent Type": "OS",
      "Parent Class": "Linux",
      "Child Type": "App"
    }
  ],
  "YugabyteDB": [
    {
      "Parent Type": "OS",
      "Parent Class": "Linux",
      "Child Type": "App"
    }
  ],
  "CockroachDB": [
    {
      "Parent Type": "OS",
      "Parent Class": "Linux",
      "Child Type": "App"
    }
  ],
  "Jaeger": [
    {
      "Parent Type": "OS",
      "Parent Class": "Linux",
      "Child Type": "Runtime"
    }
  ],
  "Powershell": [
    {
      "Parent Type": "OS",
      "Parent Class": "macOS",
      "Child Type": "Lang"
    }
  ],
  "Natural Programming Language": [
    {
      "Parent Type": "OS",
      "Parent Class": "z/VSE",
      "Child Type": "Lang"
    }
  ],
  "AcuCOBOL": [
    {
      "Parent Type": "OS",
      "Parent Class": "Unix|*",
      "Child Type": "Lang"
    }
  ],
  "Ada": [
    {
      "Parent Type": "OS",
      "Parent Class": "Linux",
      "Child Type": "Lang"
    }
  ],
  "ADABAS": [
    {
      "Parent Type": "OS",
      "Parent Class": "Unix|*",
      "Child Type": "App"
    }
  ],
  "ADSO": [
    {
      "Parent Type": "OS",
      "Parent Class": "MVS|z/OS",
      "Child Type": "Lang"
    }
  ],
  "Batch": [
    {
      "Parent Type": "OS",
      "Parent Class": "Windows",
      "Child Type": "Lang"
    }
  ],
  "COM+": [
    {
      "Parent Type": "OS",
      "Parent Class": "Windows",
      "Child Type": "Runtime"
    }
  ],
  "Dataflex": [
    {
      "Parent Type": "OS",
      "Parent Class": "Windows",
      "Child Type": "Lang"
    }
  ],
  "DDS": [
    {
      "Parent Type": "OS",
      "Parent Class": "Linux",
      "Child Type": "Lang"
    }
  ],
  "Forte": [
    {
      "Parent Type": "OS",
      "Parent Class": "Unix|*",
      "Child Type": "Lang"
    }
  ],
  "Foxpro": [
    {
      "Parent Type": "OS",
      "Parent Class": "Linux",
      "Child Type": "Lang"
    }
  ],
  "IBM DB2 Purescale": [
    {
      "Parent Type": "OS",
      "Parent Class": "Unix|*",
      "Child Type": "App"
    }
  ],
  "IDMS DB": [
    {
      "Parent Type": "OS",
      "Parent Class": "MVS|*",
      "Child Type": "App"
    }
  ],
  "IDMS DML": [
    {
      "Parent Type": "OS",
      "Parent Class": "MVS|*",
      "Child Type": "App"
    }
  ],
  "Jaguar": [
    {
      "Parent Type": "OS",
      "Parent Class": "Unix|HP-UX",
      "Child Type": "App Server"
    }
  ],
  "EAServer": [
    {
      "Parent Type": "OS",
      "Parent Class": "Unix|HP-UX",
      "Child Type": "App Server"
    }
  ],
  "IBM Netezza": [
    {
      "Parent Type": "OS",
      "Parent Class": "Linux",
      "Child Type": "HW"
    }
  ],
  "OpenEdge ABL": [
    {
      "Parent Type": "OS",
      "Parent Class": "Linux",
      "Child Type": "Lang"
    }
  ],
  "OpenROAD": [
    {
      "Parent Type": "OS",
      "Parent Class": "Unix|*",
      "Child Type": "App"
    }
  ],
  "Oracle Reports": [
    {
      "Parent Type": "OS",
      "Parent Class": "Unix|*",
      "Child Type": "App"
    }
  ],
  "SAP Replication Server": [
    {
      "Parent Type": "OS",
      "Parent Class": "Unix|*",
      "Child Type": "App"
    }
  ],
  "Git": [
    {
      "Parent Type": "OS",
      "Parent Class": "macOS",
      "Child Type": "App"
    }
  ],
  "GitLab": [
    {
      "Parent Type": "OS",
      "Parent Class": "Linux",
      "Child Type": "App"
    }
  ],
  "VSAM": [
    {
      "Parent Type": "OS",
      "Parent Class": "MVS|*",
      "Child Type": "App"
    }
  ],
  "BMS Map": [
    {
      "Parent Type": "OS",
      "Parent Class": "MVS|*",
      "Child Type": "Lang"
    }
  ],
  "DB400": [
    {
      "Parent Type": "OS",
      "Parent Class": "IBM i",
      "Child Type": "App"
    }
  ],
  "ILE": [
    {
      "Parent Type": "OS",
      "Parent Class": "IBM i",
      "Child Type": "App"
    }
  ],
  "ISAM": [
    {
      "Parent Type": "OS",
      "Parent Class": "MVS|*",
      "Child Type": "App"
    }
  ],
  "SAP IQ": [
    {
      "Parent Type": "OS",
      "Parent Class": "Windows",
      "Child Type": "App"
    }
  ],
  "Oracle RDS": [
    {
      "Parent Type": "OS",
      "Parent Class": "Unix|*",
      "Child Type": "App"
    }
  ],
  "Apache Maven": [
    {
      "Parent Type": "OS",
      "Parent Class": "Windows",
      "Child Type": "App"
    }
  ],
  "Java|*": [
    {
      "Parent Type": "OS",
      "Parent Class": "Linux",
      "Child Type": "Lang"
    }
  ],
  "JavaScript|*": [
    {
      "Parent Type": "OS",
      "Parent Class": "Linux",
      "Child Type": "Lang"
    }
  ],
  "Java Runtime Environment (JRE)": [
    {
      "Parent Type": "OS",
      "Parent Class": "Linux",
      "Child Type": "Runtime"
    }
  ],
  "VisualForce": [
    {
      "Parent Type": "OS",
      "Parent Class": "Linux",
      "Child Type": "Runtime"
    }
  ],
  "BASIC": [
    {
      "Parent Type": "OS",
      "Parent Class": "Linux",
      "Child Type": "Lang"
    }
  ],
  "C": [
    {
      "Parent Type": "OS",
      "Parent Class": "Linux",
      "Child Type": "Lang"
    }
  ],
  "C++|*": [
    {
      "Parent Type": "OS",
      "Parent Class": "Linux",
      "Child Type": "Lang"
    }
  ],
  "Cascading Style Sheets (CSS)|*": [
    {
      "Parent Type": "OS",
      "Parent Class": "Linux",
      "Child Type": "Lang"
    }
  ],
  "Data Language Interface (DL/I)": [
    {
      "Parent Type": "OS",
      "Parent Class": "Linux",
      "Child Type": "Lang"
    }
  ],
  "Expect": [
    {
      "Parent Type": "OS",
      "Parent Class": "Linux",
      "Child Type": "Lang"
    }
  ],
  "eXtensible HyperText Markup Language (XHTML)": [
    {
      "Parent Type": "OS",
      "Parent Class": "Linux",
      "Child Type": "Lang"
    }
  ],
  "Extensible Markup Language (XML)|*": [
    {
      "Parent Type": "OS",
      "Parent Class": "Linux",
      "Child Type": "Lang"
    }
  ],
  "Extensible Stylesheet Language (XSL)": [
    {
      "Parent Type": "OS",
      "Parent Class": "Linux",
      "Child Type": "Lang"
    }
  ],
  "Extensible Stylesheet Language Transformations (XLST)": [
    {
      "Parent Type": "OS",
      "Parent Class": "Linux",
      "Child Type": "Lang"
    }
  ],
  "GraphQL": [
    {
      "Parent Type": "OS",
      "Parent Class": "Linux",
      "Child Type": "Lang"
    }
  ],
  "Groovy": [
    {
      "Parent Type": "OS",
      "Parent Class": "Linux",
      "Child Type": "Lang"
    }
  ],
  "HiveQL": [
    {
      "Parent Type": "OS",
      "Parent Class": "Linux",
      "Child Type": "Lang"
    }
  ],
  "Hypertext Markup Language (HTML)": [
    {
      "Parent Type": "OS",
      "Parent Class": "Linux",
      "Child Type": "Lang"
    }
  ],
  "IBM Informix-4GL": [
    {
      "Parent Type": "OS",
      "Parent Class": "Linux",
      "Child Type": "Lang"
    }
  ],
  "Lisp": [
    {
      "Parent Type": "OS",
      "Parent Class": "Linux",
      "Child Type": "Lang"
    }
  ],
  "Objective C": [
    {
      "Parent Type": "OS",
      "Parent Class": "Linux",
      "Child Type": "Lang"
    }
  ],
  "Pascal|*": [
    {
      "Parent Type": "OS",
      "Parent Class": "Linux",
      "Child Type": "Lang"
    }
  ],
  "PL/SQL": [
    {
      "Parent Type": "OS",
      "Parent Class": "Linux",
      "Child Type": "Lang"
    }
  ],
  "PRO*C": [
    {
      "Parent Type": "OS",
      "Parent Class": "Linux",
      "Child Type": "Lang"
    }
  ],
  "Python": [
    {
      "Parent Type": "OS",
      "Parent Class": "Linux",
      "Child Type": "Lang"
    }
  ],
  "R": [
    {
      "Parent Type": "OS",
      "Parent Class": "Linux",
      "Child Type": "Lang"
    }
  ],
  "Salesforce Object Query Language (SOQL)": [
    {
      "Parent Type": "OS",
      "Parent Class": "Linux",
      "Child Type": "Lang"
    }
  ],
  "SAS": [
    {
      "Parent Type": "OS",
      "Parent Class": "Linux",
      "Child Type": "Lang"
    }
  ],
  "Sass": [
    {
      "Parent Type": "OS",
      "Parent Class": "Linux",
      "Child Type": "Lang"
    }
  ],
  "Transact-SQL": [
    {
      "Parent Type": "OS",
      "Parent Class": "Linux",
      "Child Type": "Lang"
    }
  ],
  "TypeScript": [
    {
      "Parent Type": "OS",
      "Parent Class": "Linux",
      "Child Type": "Lang"
    }
  ],
  "VoiceXML": [
    {
      "Parent Type": "OS",
      "Parent Class": "Linux",
      "Child Type": "Lang"
    }
  ],
  "Activiti": [
    {
      "Parent Type": "OS",
      "Parent Class": "Linux",
      "Child Type": "App"
    }
  ],
  "Application Development Facility (ADF)": [
    {
      "Parent Type": "OS",
      "Parent Class": "Linux",
      "Child Type": "App"
    }
  ],
  "Casegen": [
    {
      "Parent Type": "OS",
      "Parent Class": "Linux",
      "Child Type": "App"
    }
  ],
  "Clarify|*": [
    {
      "Parent Type": "OS",
      "Parent Class": "Linux",
      "Child Type": "App"
    }
  ],
  "ConceptWave": [
    {
      "Parent Type": "OS",
      "Parent Class": "Linux",
      "Child Type": "App"
    }
  ],
  "F5 Secure Web Gateway Services": [
    {
      "Parent Type": "OS",
      "Parent Class": "Linux",
      "Child Type": "App"
    }
  ],
  "HP Server Automation (HPSA)": [
    {
      "Parent Type": "OS",
      "Parent Class": "Linux",
      "Child Type": "App"
    }
  ],
  "Nexus Repository OSS": [
    {
      "Parent Type": "OS",
      "Parent Class": "Linux",
      "Child Type": "App"
    }
  ],
  "OpenText Exstream": [
    {
      "Parent Type": "OS",
      "Parent Class": "Linux",
      "Child Type": "App"
    }
  ],
  "Oracle Access Management": [
    {
      "Parent Type": "OS",
      "Parent Class": "Linux",
      "Child Type": "App"
    }
  ],
  "Oracle Designer": [
    {
      "Parent Type": "OS",
      "Parent Class": "Linux",
      "Child Type": "App"
    }
  ],
  "Oracle Net Services": [
    {
      "Parent Type": "OS",
      "Parent Class": "Linux",
      "Child Type": "App"
    }
  ],
  "Oracle Real Application Clusters (RAC)": [
    {
      "Parent Type": "OS",
      "Parent Class": "Linux",
      "Child Type": "App"
    }
  ],
  "PeopleSoft": [
    {
      "Parent Type": "OS",
      "Parent Class": "Linux",
      "Child Type": "App"
    }
  ],
  "Perkin Elmer Informatics (PKI)": [
    {
      "Parent Type": "OS",
      "Parent Class": "Linux",
      "Child Type": "App"
    }
  ],
  "SAP Web Dynpro": [
    {
      "Parent Type": "OS",
      "Parent Class": "Linux",
      "Child Type": "App"
    }
  ],
  "Sentry": [
    {
      "Parent Type": "OS",
      "Parent Class": "Linux",
      "Child Type": "App"
    }
  ],
  "Sybase SQL Server|*": [
    {
      "Parent Type": "OS",
      "Parent Class": "Linux",
      "Child Type": "App"
    }
  ],
  "TIBCO InConcert": [
    {
      "Parent Type": "OS",
      "Parent Class": "Linux",
      "Child Type": "App"
    }
  ],
  "Apache Hbase": [
    {
      "Parent Type": "OS",
      "Parent Class": "Linux",
      "Child Type": "App"
    }
  ],
  "SonarQube": [
    {
      "Parent Type": "OS",
      "Parent Class": "Linux",
      "Child Type": "App"
    }
  ],
  "VMware Solution Exchange Marketplace (VSX)": [
    {
      "Parent Type": "OS",
      "Parent Class": "Linux",
      "Child Type": "App"
    }
  ]
}