{
  "KG Version": "1.0.4",
  "Container Images": {
    "Red Hat Enterprise Linux": {
      "OS": [
        {
          "Class": "Linux|Red Hat Enterprise Linux",
          "Variants": "",
          "Version": "",
          "Type": "OS",
          "Subtype": ""
        }
      ],
      "Lang": [],
      "Lib": [],
      "App": [],
      "App Server": [],
      "Plugin": [],
      "Runlib": [],
      "Runtime": [],
      "Docker_URL": "https://catalog.redhat.com/software/containers/rhel7/57ea8cee9c624c035f96f3af",
      "Notes": "",
      "CertOfImageAndPublisher": ""
    }
  }
}