{
    "categories": [
      {
        "title": "## 🚀 Features",
        "labels": ["feature", "enhancement"]
      },
      {
        "title": "## 🐛 Fixes",
        "labels": ["fix"]
      },
      {
        "title": "## ♻️ Refactoring",
        "labels": ["refactoring"]
      },
      {
        "title": "## ⚡️ Performance Improvements",
        "labels": ["performance"]
      },
      {
        "title": "## \uD83D\uDCDA Documentation",
        "labels": ["documentation", "doc"]
      },
      {
        "title": "## \uD83D\uDEA6 Tests",
        "labels": ["test"]
      },
      {
        "title": "## \uD83D\uDEE0 Other Updates",
        "labels": ["other"]
      }
    ],
    "ignore_labels": [
      "ignore"
    ]
}